mtllib flamingo_3d.mtl
v 0.0000 0.5500 0.0000
v 0.0000 0.5500 0.0000
v 0.0000 0.5500 0.0000
v 0.0000 0.5500 0.0000
v 0.0000 0.5500 0.0000
v 0.0000 0.5500 0.0000
v 0.0000 0.5500 0.0000
v 0.0000 0.5500 0.0000
v 0.0000 0.5500 0.0000
v 0.0000 0.5500 0.0000
v 0.0000 0.5500 0.0000
v 0.0000 0.5500 0.0000
v 0.1165 0.5313 0.0000
v 0.1009 0.5313 0.0518
v 0.0582 0.5313 0.0897
v 0.0000 0.5313 0.1035
v -0.0582 0.5313 0.0897
v -0.1009 0.5313 0.0518
v -0.1165 0.5313 0.0000
v -0.1009 0.5313 -0.0518
v -0.0582 0.5313 -0.0897
v -0.0000 0.5313 -0.1035
v 0.0582 0.5313 -0.0897
v 0.1009 0.5313 -0.0518
v 0.2250 0.4763 0.0000
v 0.1949 0.4763 0.1000
v 0.1125 0.4763 0.1732
v 0.0000 0.4763 0.2000
v -0.1125 0.4763 0.1732
v -0.1949 0.4763 0.1000
v -0.2250 0.4763 0.0000
v -0.1949 0.4763 -0.1000
v -0.1125 0.4763 -0.1732
v -0.0000 0.4763 -0.2000
v 0.1125 0.4763 -0.1732
v 0.1949 0.4763 -0.1000
v 0.3182 0.3889 0.0000
v 0.2756 0.3889 0.1414
v 0.1591 0.3889 0.2449
v 0.0000 0.3889 0.2828
v -0.1591 0.3889 0.2449
v -0.2756 0.3889 0.1414
v -0.3182 0.3889 0.0000
v -0.2756 0.3889 -0.1414
v -0.1591 0.3889 -0.2449
v -0.0000 0.3889 -0.2828
v 0.1591 0.3889 -0.2449
v 0.2756 0.3889 -0.1414
v 0.3897 0.2750 0.0000
v 0.3375 0.2750 0.1732
v 0.1949 0.2750 0.3000
v 0.0000 0.2750 0.3464
v -0.1949 0.2750 0.3000
v -0.3375 0.2750 0.1732
v -0.3897 0.2750 0.0000
v -0.3375 0.2750 -0.1732
v -0.1949 0.2750 -0.3000
v -0.0000 0.2750 -0.3464
v 0.1949 0.2750 -0.3000
v 0.3375 0.2750 -0.1732
v 0.4347 0.1424 0.0000
v 0.3764 0.1424 0.1932
v 0.2173 0.1424 0.3346
v 0.0000 0.1424 0.3864
v -0.2173 0.1424 0.3346
v -0.3764 0.1424 0.1932
v -0.4347 0.1424 0.0000
v -0.3764 0.1424 -0.1932
v -0.2173 0.1424 -0.3346
v -0.0000 0.1424 -0.3864
v 0.2173 0.1424 -0.3346
v 0.3764 0.1424 -0.1932
v 0.4500 0.0000 0.0000
v 0.3897 0.0000 0.2000
v 0.2250 0.0000 0.3464
v 0.0000 0.0000 0.4000
v -0.2250 0.0000 0.3464
v -0.3897 0.0000 0.2000
v -0.4500 0.0000 0.0000
v -0.3897 0.0000 -0.2000
v -0.2250 0.0000 -0.3464
v -0.0000 0.0000 -0.4000
v 0.2250 0.0000 -0.3464
v 0.3897 0.0000 -0.2000
v 0.4347 -0.1424 0.0000
v 0.3764 -0.1424 0.1932
v 0.2173 -0.1424 0.3346
v 0.0000 -0.1424 0.3864
v -0.2173 -0.1424 0.3346
v -0.3764 -0.1424 0.1932
v -0.4347 -0.1424 0.0000
v -0.3764 -0.1424 -0.1932
v -0.2173 -0.1424 -0.3346
v -0.0000 -0.1424 -0.3864
v 0.2173 -0.1424 -0.3346
v 0.3764 -0.1424 -0.1932
v 0.3897 -0.2750 0.0000
v 0.3375 -0.2750 0.1732
v 0.1949 -0.2750 0.3000
v 0.0000 -0.2750 0.3464
v -0.1949 -0.2750 0.3000
v -0.3375 -0.2750 0.1732
v -0.3897 -0.2750 0.0000
v -0.3375 -0.2750 -0.1732
v -0.1949 -0.2750 -0.3000
v -0.0000 -0.2750 -0.3464
v 0.1949 -0.2750 -0.3000
v 0.3375 -0.2750 -0.1732
v 0.3182 -0.3889 0.0000
v 0.2756 -0.3889 0.1414
v 0.1591 -0.3889 0.2449
v 0.0000 -0.3889 0.2828
v -0.1591 -0.3889 0.2449
v -0.2756 -0.3889 0.1414
v -0.3182 -0.3889 0.0000
v -0.2756 -0.3889 -0.1414
v -0.1591 -0.3889 -0.2449
v -0.0000 -0.3889 -0.2828
v 0.1591 -0.3889 -0.2449
v 0.2756 -0.3889 -0.1414
v 0.2250 -0.4763 0.0000
v 0.1949 -0.4763 0.1000
v 0.1125 -0.4763 0.1732
v 0.0000 -0.4763 0.2000
v -0.1125 -0.4763 0.1732
v -0.1949 -0.4763 0.1000
v -0.2250 -0.4763 0.0000
v -0.1949 -0.4763 -0.1000
v -0.1125 -0.4763 -0.1732
v -0.0000 -0.4763 -0.2000
v 0.1125 -0.4763 -0.1732
v 0.1949 -0.4763 -0.1000
v 0.1165 -0.5313 0.0000
v 0.1009 -0.5313 0.0518
v 0.0582 -0.5313 0.0897
v 0.0000 -0.5313 0.1035
v -0.0582 -0.5313 0.0897
v -0.1009 -0.5313 0.0518
v -0.1165 -0.5313 0.0000
v -0.1009 -0.5313 -0.0518
v -0.0582 -0.5313 -0.0897
v -0.0000 -0.5313 -0.1035
v 0.0582 -0.5313 -0.0897
v 0.1009 -0.5313 -0.0518
v 0.0000 -0.5500 0.0000
v 0.0000 -0.5500 0.0000
v 0.0000 -0.5500 0.0000
v 0.0000 -0.5500 0.0000
v -0.0000 -0.5500 0.0000
v -0.0000 -0.5500 0.0000
v -0.0000 -0.5500 0.0000
v -0.0000 -0.5500 -0.0000
v -0.0000 -0.5500 -0.0000
v -0.0000 -0.5500 -0.0000
v 0.0000 -0.5500 -0.0000
v 0.0000 -0.5500 -0.0000
v 0.0000 0.6400 0.1000
v 0.0000 0.6400 0.1000
v 0.0000 0.6400 0.1000
v 0.0000 0.6400 0.1000
v 0.0000 0.6400 0.1000
v 0.0000 0.6400 0.1000
v 0.0000 0.6400 0.1000
v 0.0000 0.6400 0.1000
v 0.0000 0.6400 0.1000
v 0.0000 0.6400 0.1000
v 0.0000 0.6400 0.1000
v 0.0000 0.6400 0.1000
v 0.0362 0.6352 0.1000
v 0.0314 0.6352 0.1181
v 0.0181 0.6352 0.1314
v 0.0000 0.6352 0.1362
v -0.0181 0.6352 0.1314
v -0.0314 0.6352 0.1181
v -0.0362 0.6352 0.1000
v -0.0314 0.6352 0.0819
v -0.0181 0.6352 0.0686
v -0.0000 0.6352 0.0638
v 0.0181 0.6352 0.0686
v 0.0314 0.6352 0.0819
v 0.0700 0.6212 0.1000
v 0.0606 0.6212 0.1350
v 0.0350 0.6212 0.1606
v 0.0000 0.6212 0.1700
v -0.0350 0.6212 0.1606
v -0.0606 0.6212 0.1350
v -0.0700 0.6212 0.1000
v -0.0606 0.6212 0.0650
v -0.0350 0.6212 0.0394
v -0.0000 0.6212 0.0300
v 0.0350 0.6212 0.0394
v 0.0606 0.6212 0.0650
v 0.0990 0.5990 0.1000
v 0.0857 0.5990 0.1495
v 0.0495 0.5990 0.1857
v 0.0000 0.5990 0.1990
v -0.0495 0.5990 0.1857
v -0.0857 0.5990 0.1495
v -0.0990 0.5990 0.1000
v -0.0857 0.5990 0.0505
v -0.0495 0.5990 0.0143
v -0.0000 0.5990 0.0010
v 0.0495 0.5990 0.0143
v 0.0857 0.5990 0.0505
v 0.1212 0.5700 0.1000
v 0.1050 0.5700 0.1606
v 0.0606 0.5700 0.2050
v 0.0000 0.5700 0.2212
v -0.0606 0.5700 0.2050
v -0.1050 0.5700 0.1606
v -0.1212 0.5700 0.1000
v -0.1050 0.5700 0.0394
v -0.0606 0.5700 -0.0050
v -0.0000 0.5700 -0.0212
v 0.0606 0.5700 -0.0050
v 0.1050 0.5700 0.0394
v 0.1352 0.5362 0.1000
v 0.1171 0.5362 0.1676
v 0.0676 0.5362 0.2171
v 0.0000 0.5362 0.2352
v -0.0676 0.5362 0.2171
v -0.1171 0.5362 0.1676
v -0.1352 0.5362 0.1000
v -0.1171 0.5362 0.0324
v -0.0676 0.5362 -0.0171
v -0.0000 0.5362 -0.0352
v 0.0676 0.5362 -0.0171
v 0.1171 0.5362 0.0324
v 0.1400 0.5000 0.1000
v 0.1212 0.5000 0.1700
v 0.0700 0.5000 0.2212
v 0.0000 0.5000 0.2400
v -0.0700 0.5000 0.2212
v -0.1212 0.5000 0.1700
v -0.1400 0.5000 0.1000
v -0.1212 0.5000 0.0300
v -0.0700 0.5000 -0.0212
v -0.0000 0.5000 -0.0400
v 0.0700 0.5000 -0.0212
v 0.1212 0.5000 0.0300
v 0.1352 0.4638 0.1000
v 0.1171 0.4638 0.1676
v 0.0676 0.4638 0.2171
v 0.0000 0.4638 0.2352
v -0.0676 0.4638 0.2171
v -0.1171 0.4638 0.1676
v -0.1352 0.4638 0.1000
v -0.1171 0.4638 0.0324
v -0.0676 0.4638 -0.0171
v -0.0000 0.4638 -0.0352
v 0.0676 0.4638 -0.0171
v 0.1171 0.4638 0.0324
v 0.1212 0.4300 0.1000
v 0.1050 0.4300 0.1606
v 0.0606 0.4300 0.2050
v 0.0000 0.4300 0.2212
v -0.0606 0.4300 0.2050
v -0.1050 0.4300 0.1606
v -0.1212 0.4300 0.1000
v -0.1050 0.4300 0.0394
v -0.0606 0.4300 -0.0050
v -0.0000 0.4300 -0.0212
v 0.0606 0.4300 -0.0050
v 0.1050 0.4300 0.0394
v 0.0990 0.4010 0.1000
v 0.0857 0.4010 0.1495
v 0.0495 0.4010 0.1857
v 0.0000 0.4010 0.1990
v -0.0495 0.4010 0.1857
v -0.0857 0.4010 0.1495
v -0.0990 0.4010 0.1000
v -0.0857 0.4010 0.0505
v -0.0495 0.4010 0.0143
v -0.0000 0.4010 0.0010
v 0.0495 0.4010 0.0143
v 0.0857 0.4010 0.0505
v 0.0700 0.3788 0.1000
v 0.0606 0.3788 0.1350
v 0.0350 0.3788 0.1606
v 0.0000 0.3788 0.1700
v -0.0350 0.3788 0.1606
v -0.0606 0.3788 0.1350
v -0.0700 0.3788 0.1000
v -0.0606 0.3788 0.0650
v -0.0350 0.3788 0.0394
v -0.0000 0.3788 0.0300
v 0.0350 0.3788 0.0394
v 0.0606 0.3788 0.0650
v 0.0362 0.3648 0.1000
v 0.0314 0.3648 0.1181
v 0.0181 0.3648 0.1314
v 0.0000 0.3648 0.1362
v -0.0181 0.3648 0.1314
v -0.0314 0.3648 0.1181
v -0.0362 0.3648 0.1000
v -0.0314 0.3648 0.0819
v -0.0181 0.3648 0.0686
v -0.0000 0.3648 0.0638
v 0.0181 0.3648 0.0686
v 0.0314 0.3648 0.0819
v 0.0000 0.3600 0.1000
v 0.0000 0.3600 0.1000
v 0.0000 0.3600 0.1000
v 0.0000 0.3600 0.1000
v -0.0000 0.3600 0.1000
v -0.0000 0.3600 0.1000
v -0.0000 0.3600 0.1000
v -0.0000 0.3600 0.1000
v -0.0000 0.3600 0.1000
v -0.0000 0.3600 0.1000
v 0.0000 0.3600 0.1000
v 0.0000 0.3600 0.1000
v 0.0000 0.7009 0.0577
v 0.0000 0.7009 0.0577
v 0.0000 0.7009 0.0577
v 0.0000 0.7009 0.0577
v 0.0000 0.7009 0.0577
v 0.0000 0.7009 0.0577
v 0.0000 0.7009 0.0577
v 0.0000 0.7009 0.0577
v 0.0000 0.7009 0.0577
v 0.0000 0.7009 0.0577
v 0.0000 0.7009 0.0577
v 0.0000 0.7009 0.0577
v 0.0355 0.6962 0.0577
v 0.0308 0.6962 0.0755
v 0.0178 0.6962 0.0885
v 0.0000 0.6962 0.0933
v -0.0178 0.6962 0.0885
v -0.0308 0.6962 0.0755
v -0.0355 0.6962 0.0577
v -0.0308 0.6962 0.0400
v -0.0178 0.6962 0.0270
v -0.0000 0.6962 0.0222
v 0.0178 0.6962 0.0270
v 0.0308 0.6962 0.0400
v 0.0686 0.6825 0.0577
v 0.0594 0.6825 0.0921
v 0.0343 0.6825 0.1172
v 0.0000 0.6825 0.1264
v -0.0343 0.6825 0.1172
v -0.0594 0.6825 0.0921
v -0.0686 0.6825 0.0577
v -0.0594 0.6825 0.0234
v -0.0343 0.6825 -0.0017
v -0.0000 0.6825 -0.0109
v 0.0343 0.6825 -0.0017
v 0.0594 0.6825 0.0234
v 0.0971 0.6607 0.0577
v 0.0841 0.6607 0.1063
v 0.0485 0.6607 0.1418
v 0.0000 0.6607 0.1548
v -0.0485 0.6607 0.1418
v -0.0841 0.6607 0.1063
v -0.0971 0.6607 0.0577
v -0.0841 0.6607 0.0092
v -0.0485 0.6607 -0.0263
v -0.0000 0.6607 -0.0393
v 0.0485 0.6607 -0.0263
v 0.0841 0.6607 0.0092
v 0.1189 0.6323 0.0577
v 0.1030 0.6323 0.1172
v 0.0594 0.6323 0.1607
v 0.0000 0.6323 0.1766
v -0.0594 0.6323 0.1607
v -0.1030 0.6323 0.1172
v -0.1189 0.6323 0.0577
v -0.1030 0.6323 -0.0017
v -0.0594 0.6323 -0.0452
v -0.0000 0.6323 -0.0611
v 0.0594 0.6323 -0.0452
v 0.1030 0.6323 -0.0017
v 0.1326 0.5992 0.0577
v 0.1148 0.5992 0.1240
v 0.0663 0.5992 0.1726
v 0.0000 0.5992 0.1903
v -0.0663 0.5992 0.1726
v -0.1148 0.5992 0.1240
v -0.1326 0.5992 0.0577
v -0.1148 0.5992 -0.0086
v -0.0663 0.5992 -0.0571
v -0.0000 0.5992 -0.0749
v 0.0663 0.5992 -0.0571
v 0.1148 0.5992 -0.0086
v 0.1373 0.5636 0.0577
v 0.1189 0.5636 0.1264
v 0.0686 0.5636 0.1766
v 0.0000 0.5636 0.1950
v -0.0686 0.5636 0.1766
v -0.1189 0.5636 0.1264
v -0.1373 0.5636 0.0577
v -0.1189 0.5636 -0.0109
v -0.0686 0.5636 -0.0611
v -0.0000 0.5636 -0.0795
v 0.0686 0.5636 -0.0611
v 0.1189 0.5636 -0.0109
v 0.1326 0.5281 0.0577
v 0.1148 0.5281 0.1240
v 0.0663 0.5281 0.1726
v 0.0000 0.5281 0.1903
v -0.0663 0.5281 0.1726
v -0.1148 0.5281 0.1240
v -0.1326 0.5281 0.0577
v -0.1148 0.5281 -0.0086
v -0.0663 0.5281 -0.0571
v -0.0000 0.5281 -0.0749
v 0.0663 0.5281 -0.0571
v 0.1148 0.5281 -0.0086
v 0.1189 0.4950 0.0577
v 0.1030 0.4950 0.1172
v 0.0594 0.4950 0.1607
v 0.0000 0.4950 0.1766
v -0.0594 0.4950 0.1607
v -0.1030 0.4950 0.1172
v -0.1189 0.4950 0.0577
v -0.1030 0.4950 -0.0017
v -0.0594 0.4950 -0.0452
v -0.0000 0.4950 -0.0611
v 0.0594 0.4950 -0.0452
v 0.1030 0.4950 -0.0017
v 0.0971 0.4666 0.0577
v 0.0841 0.4666 0.1063
v 0.0485 0.4666 0.1418
v 0.0000 0.4666 0.1548
v -0.0485 0.4666 0.1418
v -0.0841 0.4666 0.1063
v -0.0971 0.4666 0.0577
v -0.0841 0.4666 0.0092
v -0.0485 0.4666 -0.0263
v -0.0000 0.4666 -0.0393
v 0.0485 0.4666 -0.0263
v 0.0841 0.4666 0.0092
v 0.0686 0.4448 0.0577
v 0.0594 0.4448 0.0921
v 0.0343 0.4448 0.1172
v 0.0000 0.4448 0.1264
v -0.0343 0.4448 0.1172
v -0.0594 0.4448 0.0921
v -0.0686 0.4448 0.0577
v -0.0594 0.4448 0.0234
v -0.0343 0.4448 -0.0017
v -0.0000 0.4448 -0.0109
v 0.0343 0.4448 -0.0017
v 0.0594 0.4448 0.0234
v 0.0355 0.4310 0.0577
v 0.0308 0.4310 0.0755
v 0.0178 0.4310 0.0885
v 0.0000 0.4310 0.0933
v -0.0178 0.4310 0.0885
v -0.0308 0.4310 0.0755
v -0.0355 0.4310 0.0577
v -0.0308 0.4310 0.0400
v -0.0178 0.4310 0.0270
v -0.0000 0.4310 0.0222
v 0.0178 0.4310 0.0270
v 0.0308 0.4310 0.0400
v 0.0000 0.4264 0.0577
v 0.0000 0.4264 0.0577
v 0.0000 0.4264 0.0577
v 0.0000 0.4264 0.0577
v -0.0000 0.4264 0.0577
v -0.0000 0.4264 0.0577
v -0.0000 0.4264 0.0577
v -0.0000 0.4264 0.0577
v -0.0000 0.4264 0.0577
v -0.0000 0.4264 0.0577
v 0.0000 0.4264 0.0577
v 0.0000 0.4264 0.0577
v 0.0000 0.7618 0.0189
v 0.0000 0.7618 0.0189
v 0.0000 0.7618 0.0189
v 0.0000 0.7618 0.0189
v 0.0000 0.7618 0.0189
v 0.0000 0.7618 0.0189
v 0.0000 0.7618 0.0189
v 0.0000 0.7618 0.0189
v 0.0000 0.7618 0.0189
v 0.0000 0.7618 0.0189
v 0.0000 0.7618 0.0189
v 0.0000 0.7618 0.0189
v 0.0348 0.7572 0.0189
v 0.0302 0.7572 0.0363
v 0.0174 0.7572 0.0491
v 0.0000 0.7572 0.0537
v -0.0174 0.7572 0.0491
v -0.0302 0.7572 0.0363
v -0.0348 0.7572 0.0189
v -0.0302 0.7572 0.0015
v -0.0174 0.7572 -0.0113
v -0.0000 0.7572 -0.0159
v 0.0174 0.7572 -0.0113
v 0.0302 0.7572 0.0015
v 0.0673 0.7438 0.0189
v 0.0583 0.7438 0.0525
v 0.0336 0.7438 0.0772
v 0.0000 0.7438 0.0862
v -0.0336 0.7438 0.0772
v -0.0583 0.7438 0.0525
v -0.0673 0.7438 0.0189
v -0.0583 0.7438 -0.0147
v -0.0336 0.7438 -0.0394
v -0.0000 0.7438 -0.0484
v 0.0336 0.7438 -0.0394
v 0.0583 0.7438 -0.0147
v 0.0951 0.7224 0.0189
v 0.0824 0.7224 0.0665
v 0.0476 0.7224 0.1013
v 0.0000 0.7224 0.1140
v -0.0476 0.7224 0.1013
v -0.0824 0.7224 0.0665
v -0.0951 0.7224 0.0189
v -0.0824 0.7224 -0.0287
v -0.0476 0.7224 -0.0635
v -0.0000 0.7224 -0.0762
v 0.0476 0.7224 -0.0635
v 0.0824 0.7224 -0.0287
v 0.1165 0.6945 0.0189
v 0.1009 0.6945 0.0772
v 0.0583 0.6945 0.1198
v 0.0000 0.6945 0.1354
v -0.0583 0.6945 0.1198
v -0.1009 0.6945 0.0772
v -0.1165 0.6945 0.0189
v -0.1009 0.6945 -0.0394
v -0.0583 0.6945 -0.0820
v -0.0000 0.6945 -0.0976
v 0.0583 0.6945 -0.0820
v 0.1009 0.6945 -0.0394
v 0.1300 0.6621 0.0189
v 0.1125 0.6621 0.0839
v 0.0650 0.6621 0.1315
v 0.0000 0.6621 0.1489
v -0.0650 0.6621 0.1315
v -0.1125 0.6621 0.0839
v -0.1300 0.6621 0.0189
v -0.1125 0.6621 -0.0461
v -0.0650 0.6621 -0.0936
v -0.0000 0.6621 -0.1111
v 0.0650 0.6621 -0.0936
v 0.1125 0.6621 -0.0461
v 0.1345 0.6273 0.0189
v 0.1165 0.6273 0.0862
v 0.0673 0.6273 0.1354
v 0.0000 0.6273 0.1534
v -0.0673 0.6273 0.1354
v -0.1165 0.6273 0.0862
v -0.1345 0.6273 0.0189
v -0.1165 0.6273 -0.0484
v -0.0673 0.6273 -0.0976
v -0.0000 0.6273 -0.1156
v 0.0673 0.6273 -0.0976
v 0.1165 0.6273 -0.0484
v 0.1300 0.5924 0.0189
v 0.1125 0.5924 0.0839
v 0.0650 0.5924 0.1315
v 0.0000 0.5924 0.1489
v -0.0650 0.5924 0.1315
v -0.1125 0.5924 0.0839
v -0.1300 0.5924 0.0189
v -0.1125 0.5924 -0.0461
v -0.0650 0.5924 -0.0936
v -0.0000 0.5924 -0.1111
v 0.0650 0.5924 -0.0936
v 0.1125 0.5924 -0.0461
v 0.1165 0.5600 0.0189
v 0.1009 0.5600 0.0772
v 0.0583 0.5600 0.1198
v 0.0000 0.5600 0.1354
v -0.0583 0.5600 0.1198
v -0.1009 0.5600 0.0772
v -0.1165 0.5600 0.0189
v -0.1009 0.5600 -0.0394
v -0.0583 0.5600 -0.0820
v -0.0000 0.5600 -0.0976
v 0.0583 0.5600 -0.0820
v 0.1009 0.5600 -0.0394
v 0.0951 0.5321 0.0189
v 0.0824 0.5321 0.0665
v 0.0476 0.5321 0.1013
v 0.0000 0.5321 0.1140
v -0.0476 0.5321 0.1013
v -0.0824 0.5321 0.0665
v -0.0951 0.5321 0.0189
v -0.0824 0.5321 -0.0287
v -0.0476 0.5321 -0.0635
v -0.0000 0.5321 -0.0762
v 0.0476 0.5321 -0.0635
v 0.0824 0.5321 -0.0287
v 0.0673 0.5108 0.0189
v 0.0583 0.5108 0.0525
v 0.0336 0.5108 0.0772
v 0.0000 0.5108 0.0862
v -0.0336 0.5108 0.0772
v -0.0583 0.5108 0.0525
v -0.0673 0.5108 0.0189
v -0.0583 0.5108 -0.0147
v -0.0336 0.5108 -0.0394
v -0.0000 0.5108 -0.0484
v 0.0336 0.5108 -0.0394
v 0.0583 0.5108 -0.0147
v 0.0348 0.4973 0.0189
v 0.0302 0.4973 0.0363
v 0.0174 0.4973 0.0491
v 0.0000 0.4973 0.0537
v -0.0174 0.4973 0.0491
v -0.0302 0.4973 0.0363
v -0.0348 0.4973 0.0189
v -0.0302 0.4973 0.0015
v -0.0174 0.4973 -0.0113
v -0.0000 0.4973 -0.0159
v 0.0174 0.4973 -0.0113
v 0.0302 0.4973 0.0015
v 0.0000 0.4927 0.0189
v 0.0000 0.4927 0.0189
v 0.0000 0.4927 0.0189
v 0.0000 0.4927 0.0189
v -0.0000 0.4927 0.0189
v -0.0000 0.4927 0.0189
v -0.0000 0.4927 0.0189
v -0.0000 0.4927 0.0189
v -0.0000 0.4927 0.0189
v -0.0000 0.4927 0.0189
v 0.0000 0.4927 0.0189
v 0.0000 0.4927 0.0189
v 0.0000 0.8227 -0.0134
v 0.0000 0.8227 -0.0134
v 0.0000 0.8227 -0.0134
v 0.0000 0.8227 -0.0134
v 0.0000 0.8227 -0.0134
v 0.0000 0.8227 -0.0134
v 0.0000 0.8227 -0.0134
v 0.0000 0.8227 -0.0134
v 0.0000 0.8227 -0.0134
v 0.0000 0.8227 -0.0134
v 0.0000 0.8227 -0.0134
v 0.0000 0.8227 -0.0134
v 0.0341 0.8182 -0.0134
v 0.0295 0.8182 0.0037
v 0.0171 0.8182 0.0162
v 0.0000 0.8182 0.0208
v -0.0171 0.8182 0.0162
v -0.0295 0.8182 0.0037
v -0.0341 0.8182 -0.0134
v -0.0295 0.8182 -0.0304
v -0.0171 0.8182 -0.0429
v -0.0000 0.8182 -0.0475
v 0.0171 0.8182 -0.0429
v 0.0295 0.8182 -0.0304
v 0.0659 0.8051 -0.0134
v 0.0571 0.8051 0.0196
v 0.0330 0.8051 0.0437
v 0.0000 0.8051 0.0525
v -0.0330 0.8051 0.0437
v -0.0571 0.8051 0.0196
v -0.0659 0.8051 -0.0134
v -0.0571 0.8051 -0.0463
v -0.0330 0.8051 -0.0704
v -0.0000 0.8051 -0.0793
v 0.0330 0.8051 -0.0704
v 0.0571 0.8051 -0.0463
v 0.0932 0.7841 -0.0134
v 0.0807 0.7841 0.0332
v 0.0466 0.7841 0.0674
v 0.0000 0.7841 0.0798
v -0.0466 0.7841 0.0674
v -0.0807 0.7841 0.0332
v -0.0932 0.7841 -0.0134
v -0.0807 0.7841 -0.0600
v -0.0466 0.7841 -0.0941
v -0.0000 0.7841 -0.1066
v 0.0466 0.7841 -0.0941
v 0.0807 0.7841 -0.0600
v 0.1142 0.7568 -0.0134
v 0.0989 0.7568 0.0437
v 0.0571 0.7568 0.0855
v 0.0000 0.7568 0.1008
v -0.0571 0.7568 0.0855
v -0.0989 0.7568 0.0437
v -0.1142 0.7568 -0.0134
v -0.0989 0.7568 -0.0704
v -0.0571 0.7568 -0.1122
v -0.0000 0.7568 -0.1275
v 0.0571 0.7568 -0.1122
v 0.0989 0.7568 -0.0704
v 0.1273 0.7250 -0.0134
v 0.1103 0.7250 0.0503
v 0.0637 0.7250 0.0969
v 0.0000 0.7250 0.1140
v -0.0637 0.7250 0.0969
v -0.1103 0.7250 0.0503
v -0.1273 0.7250 -0.0134
v -0.1103 0.7250 -0.0770
v -0.0637 0.7250 -0.1236
v -0.0000 0.7250 -0.1407
v 0.0637 0.7250 -0.1236
v 0.1103 0.7250 -0.0770
v 0.1318 0.6909 -0.0134
v 0.1142 0.6909 0.0525
v 0.0659 0.6909 0.1008
v 0.0000 0.6909 0.1185
v -0.0659 0.6909 0.1008
v -0.1142 0.6909 0.0525
v -0.1318 0.6909 -0.0134
v -0.1142 0.6909 -0.0793
v -0.0659 0.6909 -0.1275
v -0.0000 0.6909 -0.1452
v 0.0659 0.6909 -0.1275
v 0.1142 0.6909 -0.0793
v 0.1273 0.6568 -0.0134
v 0.1103 0.6568 0.0503
v 0.0637 0.6568 0.0969
v 0.0000 0.6568 0.1140
v -0.0637 0.6568 0.0969
v -0.1103 0.6568 0.0503
v -0.1273 0.6568 -0.0134
v -0.1103 0.6568 -0.0770
v -0.0637 0.6568 -0.1236
v -0.0000 0.6568 -0.1407
v 0.0637 0.6568 -0.1236
v 0.1103 0.6568 -0.0770
v 0.1142 0.6250 -0.0134
v 0.0989 0.6250 0.0437
v 0.0571 0.6250 0.0855
v 0.0000 0.6250 0.1008
v -0.0571 0.6250 0.0855
v -0.0989 0.6250 0.0437
v -0.1142 0.6250 -0.0134
v -0.0989 0.6250 -0.0704
v -0.0571 0.6250 -0.1122
v -0.0000 0.6250 -0.1275
v 0.0571 0.6250 -0.1122
v 0.0989 0.6250 -0.0704
v 0.0932 0.5977 -0.0134
v 0.0807 0.5977 0.0332
v 0.0466 0.5977 0.0674
v 0.0000 0.5977 0.0798
v -0.0466 0.5977 0.0674
v -0.0807 0.5977 0.0332
v -0.0932 0.5977 -0.0134
v -0.0807 0.5977 -0.0600
v -0.0466 0.5977 -0.0941
v -0.0000 0.5977 -0.1066
v 0.0466 0.5977 -0.0941
v 0.0807 0.5977 -0.0600
v 0.0659 0.5768 -0.0134
v 0.0571 0.5768 0.0196
v 0.0330 0.5768 0.0437
v 0.0000 0.5768 0.0525
v -0.0330 0.5768 0.0437
v -0.0571 0.5768 0.0196
v -0.0659 0.5768 -0.0134
v -0.0571 0.5768 -0.0463
v -0.0330 0.5768 -0.0704
v -0.0000 0.5768 -0.0793
v 0.0330 0.5768 -0.0704
v 0.0571 0.5768 -0.0463
v 0.0341 0.5636 -0.0134
v 0.0295 0.5636 0.0037
v 0.0171 0.5636 0.0162
v 0.0000 0.5636 0.0208
v -0.0171 0.5636 0.0162
v -0.0295 0.5636 0.0037
v -0.0341 0.5636 -0.0134
v -0.0295 0.5636 -0.0304
v -0.0171 0.5636 -0.0429
v -0.0000 0.5636 -0.0475
v 0.0171 0.5636 -0.0429
v 0.0295 0.5636 -0.0304
v 0.0000 0.5591 -0.0134
v 0.0000 0.5591 -0.0134
v 0.0000 0.5591 -0.0134
v 0.0000 0.5591 -0.0134
v -0.0000 0.5591 -0.0134
v -0.0000 0.5591 -0.0134
v -0.0000 0.5591 -0.0134
v -0.0000 0.5591 -0.0134
v -0.0000 0.5591 -0.0134
v -0.0000 0.5591 -0.0134
v 0.0000 0.5591 -0.0134
v 0.0000 0.5591 -0.0134
v 0.0000 0.8836 -0.0364
v 0.0000 0.8836 -0.0364
v 0.0000 0.8836 -0.0364
v 0.0000 0.8836 -0.0364
v 0.0000 0.8836 -0.0364
v 0.0000 0.8836 -0.0364
v 0.0000 0.8836 -0.0364
v 0.0000 0.8836 -0.0364
v 0.0000 0.8836 -0.0364
v 0.0000 0.8836 -0.0364
v 0.0000 0.8836 -0.0364
v 0.0000 0.8836 -0.0364
v 0.0334 0.8792 -0.0364
v 0.0289 0.8792 -0.0197
v 0.0167 0.8792 -0.0075
v 0.0000 0.8792 -0.0030
v -0.0167 0.8792 -0.0075
v -0.0289 0.8792 -0.0197
v -0.0334 0.8792 -0.0364
v -0.0289 0.8792 -0.0532
v -0.0167 0.8792 -0.0654
v -0.0000 0.8792 -0.0699
v 0.0167 0.8792 -0.0654
v 0.0289 0.8792 -0.0532
v 0.0645 0.8663 -0.0364
v 0.0559 0.8663 -0.0042
v 0.0323 0.8663 0.0195
v 0.0000 0.8663 0.0281
v -0.0323 0.8663 0.0195
v -0.0559 0.8663 -0.0042
v -0.0645 0.8663 -0.0364
v -0.0559 0.8663 -0.0687
v -0.0323 0.8663 -0.0923
v -0.0000 0.8663 -0.1010
v 0.0323 0.8663 -0.0923
v 0.0559 0.8663 -0.0687
v 0.0913 0.8458 -0.0364
v 0.0791 0.8458 0.0092
v 0.0456 0.8458 0.0426
v 0.0000 0.8458 0.0548
v -0.0456 0.8458 0.0426
v -0.0791 0.8458 0.0092
v -0.0913 0.8458 -0.0364
v -0.0791 0.8458 -0.0821
v -0.0456 0.8458 -0.1155
v -0.0000 0.8458 -0.1277
v 0.0456 0.8458 -0.1155
v 0.0791 0.8458 -0.0821
v 0.1118 0.8191 -0.0364
v 0.0968 0.8191 0.0195
v 0.0559 0.8191 0.0604
v 0.0000 0.8191 0.0754
v -0.0559 0.8191 0.0604
v -0.0968 0.8191 0.0195
v -0.1118 0.8191 -0.0364
v -0.0968 0.8191 -0.0923
v -0.0559 0.8191 -0.1333
v -0.0000 0.8191 -0.1482
v 0.0559 0.8191 -0.1333
v 0.0968 0.8191 -0.0923
v 0.1247 0.7880 -0.0364
v 0.1080 0.7880 0.0259
v 0.0623 0.7880 0.0715
v 0.0000 0.7880 0.0882
v -0.0623 0.7880 0.0715
v -0.1080 0.7880 0.0259
v -0.1247 0.7880 -0.0364
v -0.1080 0.7880 -0.0988
v -0.0623 0.7880 -0.1444
v -0.0000 0.7880 -0.1611
v 0.0623 0.7880 -0.1444
v 0.1080 0.7880 -0.0988
v 0.1291 0.7545 -0.0364
v 0.1118 0.7545 0.0281
v 0.0645 0.7545 0.0754
v 0.0000 0.7545 0.0926
v -0.0645 0.7545 0.0754
v -0.1118 0.7545 0.0281
v -0.1291 0.7545 -0.0364
v -0.1118 0.7545 -0.1010
v -0.0645 0.7545 -0.1482
v -0.0000 0.7545 -0.1655
v 0.0645 0.7545 -0.1482
v 0.1118 0.7545 -0.1010
v 0.1247 0.7211 -0.0364
v 0.1080 0.7211 0.0259
v 0.0623 0.7211 0.0715
v 0.0000 0.7211 0.0882
v -0.0623 0.7211 0.0715
v -0.1080 0.7211 0.0259
v -0.1247 0.7211 -0.0364
v -0.1080 0.7211 -0.0988
v -0.0623 0.7211 -0.1444
v -0.0000 0.7211 -0.1611
v 0.0623 0.7211 -0.1444
v 0.1080 0.7211 -0.0988
v 0.1118 0.6900 -0.0364
v 0.0968 0.6900 0.0195
v 0.0559 0.6900 0.0604
v 0.0000 0.6900 0.0754
v -0.0559 0.6900 0.0604
v -0.0968 0.6900 0.0195
v -0.1118 0.6900 -0.0364
v -0.0968 0.6900 -0.0923
v -0.0559 0.6900 -0.1333
v -0.0000 0.6900 -0.1482
v 0.0559 0.6900 -0.1333
v 0.0968 0.6900 -0.0923
v 0.0913 0.6633 -0.0364
v 0.0791 0.6633 0.0092
v 0.0456 0.6633 0.0426
v 0.0000 0.6633 0.0548
v -0.0456 0.6633 0.0426
v -0.0791 0.6633 0.0092
v -0.0913 0.6633 -0.0364
v -0.0791 0.6633 -0.0821
v -0.0456 0.6633 -0.1155
v -0.0000 0.6633 -0.1277
v 0.0456 0.6633 -0.1155
v 0.0791 0.6633 -0.0821
v 0.0645 0.6427 -0.0364
v 0.0559 0.6427 -0.0042
v 0.0323 0.6427 0.0195
v 0.0000 0.6427 0.0281
v -0.0323 0.6427 0.0195
v -0.0559 0.6427 -0.0042
v -0.0645 0.6427 -0.0364
v -0.0559 0.6427 -0.0687
v -0.0323 0.6427 -0.0923
v -0.0000 0.6427 -0.1010
v 0.0323 0.6427 -0.0923
v 0.0559 0.6427 -0.0687
v 0.0334 0.6299 -0.0364
v 0.0289 0.6299 -0.0197
v 0.0167 0.6299 -0.0075
v 0.0000 0.6299 -0.0030
v -0.0167 0.6299 -0.0075
v -0.0289 0.6299 -0.0197
v -0.0334 0.6299 -0.0364
v -0.0289 0.6299 -0.0532
v -0.0167 0.6299 -0.0654
v -0.0000 0.6299 -0.0699
v 0.0167 0.6299 -0.0654
v 0.0289 0.6299 -0.0532
v 0.0000 0.6255 -0.0364
v 0.0000 0.6255 -0.0364
v 0.0000 0.6255 -0.0364
v 0.0000 0.6255 -0.0364
v -0.0000 0.6255 -0.0364
v -0.0000 0.6255 -0.0364
v -0.0000 0.6255 -0.0364
v -0.0000 0.6255 -0.0364
v -0.0000 0.6255 -0.0364
v -0.0000 0.6255 -0.0364
v 0.0000 0.6255 -0.0364
v 0.0000 0.6255 -0.0364
v 0.0000 0.9445 -0.0485
v 0.0000 0.9445 -0.0485
v 0.0000 0.9445 -0.0485
v 0.0000 0.9445 -0.0485
v 0.0000 0.9445 -0.0485
v 0.0000 0.9445 -0.0485
v 0.0000 0.9445 -0.0485
v 0.0000 0.9445 -0.0485
v 0.0000 0.9445 -0.0485
v 0.0000 0.9445 -0.0485
v 0.0000 0.9445 -0.0485
v 0.0000 0.9445 -0.0485
v 0.0327 0.9402 -0.0485
v 0.0283 0.9402 -0.0321
v 0.0164 0.9402 -0.0201
v 0.0000 0.9402 -0.0158
v -0.0164 0.9402 -0.0201
v -0.0283 0.9402 -0.0321
v -0.0327 0.9402 -0.0485
v -0.0283 0.9402 -0.0648
v -0.0164 0.9402 -0.0768
v -0.0000 0.9402 -0.0812
v 0.0164 0.9402 -0.0768
v 0.0283 0.9402 -0.0648
v 0.0632 0.9276 -0.0485
v 0.0547 0.9276 -0.0169
v 0.0316 0.9276 0.0062
v 0.0000 0.9276 0.0147
v -0.0316 0.9276 0.0062
v -0.0547 0.9276 -0.0169
v -0.0632 0.9276 -0.0485
v -0.0547 0.9276 -0.0801
v -0.0316 0.9276 -0.1032
v -0.0000 0.9276 -0.1117
v 0.0316 0.9276 -0.1032
v 0.0547 0.9276 -0.0801
v 0.0894 0.9075 -0.0485
v 0.0774 0.9075 -0.0038
v 0.0447 0.9075 0.0289
v 0.0000 0.9075 0.0409
v -0.0447 0.9075 0.0289
v -0.0774 0.9075 -0.0038
v -0.0894 0.9075 -0.0485
v -0.0774 0.9075 -0.0931
v -0.0447 0.9075 -0.1259
v -0.0000 0.9075 -0.1378
v 0.0447 0.9075 -0.1259
v 0.0774 0.9075 -0.0931
v 0.1094 0.8814 -0.0485
v 0.0948 0.8814 0.0062
v 0.0547 0.8814 0.0463
v 0.0000 0.8814 0.0610
v -0.0547 0.8814 0.0463
v -0.0948 0.8814 0.0062
v -0.1094 0.8814 -0.0485
v -0.0948 0.8814 -0.1032
v -0.0547 0.8814 -0.1432
v -0.0000 0.8814 -0.1579
v 0.0547 0.8814 -0.1432
v 0.0948 0.8814 -0.1032
v 0.1221 0.8509 -0.0485
v 0.1057 0.8509 0.0126
v 0.0610 0.8509 0.0572
v 0.0000 0.8509 0.0736
v -0.0610 0.8509 0.0572
v -0.1057 0.8509 0.0126
v -0.1221 0.8509 -0.0485
v -0.1057 0.8509 -0.1095
v -0.0610 0.8509 -0.1542
v -0.0000 0.8509 -0.1705
v 0.0610 0.8509 -0.1542
v 0.1057 0.8509 -0.1095
v 0.1264 0.8182 -0.0485
v 0.1094 0.8182 0.0147
v 0.0632 0.8182 0.0610
v 0.0000 0.8182 0.0779
v -0.0632 0.8182 0.0610
v -0.1094 0.8182 0.0147
v -0.1264 0.8182 -0.0485
v -0.1094 0.8182 -0.1117
v -0.0632 0.8182 -0.1579
v -0.0000 0.8182 -0.1748
v 0.0632 0.8182 -0.1579
v 0.1094 0.8182 -0.1117
v 0.1221 0.7855 -0.0485
v 0.1057 0.7855 0.0126
v 0.0610 0.7855 0.0572
v 0.0000 0.7855 0.0736
v -0.0610 0.7855 0.0572
v -0.1057 0.7855 0.0126
v -0.1221 0.7855 -0.0485
v -0.1057 0.7855 -0.1095
v -0.0610 0.7855 -0.1542
v -0.0000 0.7855 -0.1705
v 0.0610 0.7855 -0.1542
v 0.1057 0.7855 -0.1095
v 0.1094 0.7550 -0.0485
v 0.0948 0.7550 0.0062
v 0.0547 0.7550 0.0463
v 0.0000 0.7550 0.0610
v -0.0547 0.7550 0.0463
v -0.0948 0.7550 0.0062
v -0.1094 0.7550 -0.0485
v -0.0948 0.7550 -0.1032
v -0.0547 0.7550 -0.1432
v -0.0000 0.7550 -0.1579
v 0.0547 0.7550 -0.1432
v 0.0948 0.7550 -0.1032
v 0.0894 0.7288 -0.0485
v 0.0774 0.7288 -0.0038
v 0.0447 0.7288 0.0289
v 0.0000 0.7288 0.0409
v -0.0447 0.7288 0.0289
v -0.0774 0.7288 -0.0038
v -0.0894 0.7288 -0.0485
v -0.0774 0.7288 -0.0931
v -0.0447 0.7288 -0.1259
v -0.0000 0.7288 -0.1378
v 0.0447 0.7288 -0.1259
v 0.0774 0.7288 -0.0931
v 0.0632 0.7087 -0.0485
v 0.0547 0.7087 -0.0169
v 0.0316 0.7087 0.0062
v 0.0000 0.7087 0.0147
v -0.0316 0.7087 0.0062
v -0.0547 0.7087 -0.0169
v -0.0632 0.7087 -0.0485
v -0.0547 0.7087 -0.0801
v -0.0316 0.7087 -0.1032
v -0.0000 0.7087 -0.1117
v 0.0316 0.7087 -0.1032
v 0.0547 0.7087 -0.0801
v 0.0327 0.6961 -0.0485
v 0.0283 0.6961 -0.0321
v 0.0164 0.6961 -0.0201
v 0.0000 0.6961 -0.0158
v -0.0164 0.6961 -0.0201
v -0.0283 0.6961 -0.0321
v -0.0327 0.6961 -0.0485
v -0.0283 0.6961 -0.0648
v -0.0164 0.6961 -0.0768
v -0.0000 0.6961 -0.0812
v 0.0164 0.6961 -0.0768
v 0.0283 0.6961 -0.0648
v 0.0000 0.6918 -0.0485
v 0.0000 0.6918 -0.0485
v 0.0000 0.6918 -0.0485
v 0.0000 0.6918 -0.0485
v -0.0000 0.6918 -0.0485
v -0.0000 0.6918 -0.0485
v -0.0000 0.6918 -0.0485
v -0.0000 0.6918 -0.0485
v -0.0000 0.6918 -0.0485
v -0.0000 0.6918 -0.0485
v 0.0000 0.6918 -0.0485
v 0.0000 0.6918 -0.0485
v 0.0000 1.0055 -0.0485
v 0.0000 1.0055 -0.0485
v 0.0000 1.0055 -0.0485
v 0.0000 1.0055 -0.0485
v 0.0000 1.0055 -0.0485
v 0.0000 1.0055 -0.0485
v 0.0000 1.0055 -0.0485
v 0.0000 1.0055 -0.0485
v 0.0000 1.0055 -0.0485
v 0.0000 1.0055 -0.0485
v 0.0000 1.0055 -0.0485
v 0.0000 1.0055 -0.0485
v 0.0320 1.0012 -0.0485
v 0.0277 1.0012 -0.0325
v 0.0160 1.0012 -0.0208
v 0.0000 1.0012 -0.0165
v -0.0160 1.0012 -0.0208
v -0.0277 1.0012 -0.0325
v -0.0320 1.0012 -0.0485
v -0.0277 1.0012 -0.0645
v -0.0160 1.0012 -0.0762
v -0.0000 1.0012 -0.0805
v 0.0160 1.0012 -0.0762
v 0.0277 1.0012 -0.0645
v 0.0618 0.9889 -0.0485
v 0.0535 0.9889 -0.0176
v 0.0309 0.9889 0.0051
v 0.0000 0.9889 0.0133
v -0.0309 0.9889 0.0051
v -0.0535 0.9889 -0.0176
v -0.0618 0.9889 -0.0485
v -0.0535 0.9889 -0.0794
v -0.0309 0.9889 -0.1020
v -0.0000 0.9889 -0.1103
v 0.0309 0.9889 -0.1020
v 0.0535 0.9889 -0.0794
v 0.0874 0.9692 -0.0485
v 0.0757 0.9692 -0.0048
v 0.0437 0.9692 0.0272
v 0.0000 0.9692 0.0390
v -0.0437 0.9692 0.0272
v -0.0757 0.9692 -0.0048
v -0.0874 0.9692 -0.0485
v -0.0757 0.9692 -0.0922
v -0.0437 0.9692 -0.1242
v -0.0000 0.9692 -0.1359
v 0.0437 0.9692 -0.1242
v 0.0757 0.9692 -0.0922
v 0.1071 0.9436 -0.0485
v 0.0927 0.9436 0.0051
v 0.0535 0.9436 0.0443
v 0.0000 0.9436 0.0586
v -0.0535 0.9436 0.0443
v -0.0927 0.9436 0.0051
v -0.1071 0.9436 -0.0485
v -0.0927 0.9436 -0.1020
v -0.0535 0.9436 -0.1412
v -0.0000 0.9436 -0.1555
v 0.0535 0.9436 -0.1412
v 0.0927 0.9436 -0.1020
v 0.1194 0.9138 -0.0485
v 0.1034 0.9138 0.0112
v 0.0597 0.9138 0.0550
v 0.0000 0.9138 0.0710
v -0.0597 0.9138 0.0550
v -0.1034 0.9138 0.0112
v -0.1194 0.9138 -0.0485
v -0.1034 0.9138 -0.1082
v -0.0597 0.9138 -0.1519
v -0.0000 0.9138 -0.1679
v 0.0597 0.9138 -0.1519
v 0.1034 0.9138 -0.1082
v 0.1236 0.8818 -0.0485
v 0.1071 0.8818 0.0133
v 0.0618 0.8818 0.0586
v 0.0000 0.8818 0.0752
v -0.0618 0.8818 0.0586
v -0.1071 0.8818 0.0133
v -0.1236 0.8818 -0.0485
v -0.1071 0.8818 -0.1103
v -0.0618 0.8818 -0.1555
v -0.0000 0.8818 -0.1721
v 0.0618 0.8818 -0.1555
v 0.1071 0.8818 -0.1103
v 0.1194 0.8498 -0.0485
v 0.1034 0.8498 0.0112
v 0.0597 0.8498 0.0550
v 0.0000 0.8498 0.0710
v -0.0597 0.8498 0.0550
v -0.1034 0.8498 0.0112
v -0.1194 0.8498 -0.0485
v -0.1034 0.8498 -0.1082
v -0.0597 0.8498 -0.1519
v -0.0000 0.8498 -0.1679
v 0.0597 0.8498 -0.1519
v 0.1034 0.8498 -0.1082
v 0.1071 0.8200 -0.0485
v 0.0927 0.8200 0.0051
v 0.0535 0.8200 0.0443
v 0.0000 0.8200 0.0586
v -0.0535 0.8200 0.0443
v -0.0927 0.8200 0.0051
v -0.1071 0.8200 -0.0485
v -0.0927 0.8200 -0.1020
v -0.0535 0.8200 -0.1412
v -0.0000 0.8200 -0.1555
v 0.0535 0.8200 -0.1412
v 0.0927 0.8200 -0.1020
v 0.0874 0.7944 -0.0485
v 0.0757 0.7944 -0.0048
v 0.0437 0.7944 0.0272
v 0.0000 0.7944 0.0390
v -0.0437 0.7944 0.0272
v -0.0757 0.7944 -0.0048
v -0.0874 0.7944 -0.0485
v -0.0757 0.7944 -0.0922
v -0.0437 0.7944 -0.1242
v -0.0000 0.7944 -0.1359
v 0.0437 0.7944 -0.1242
v 0.0757 0.7944 -0.0922
v 0.0618 0.7747 -0.0485
v 0.0535 0.7747 -0.0176
v 0.0309 0.7747 0.0051
v 0.0000 0.7747 0.0133
v -0.0309 0.7747 0.0051
v -0.0535 0.7747 -0.0176
v -0.0618 0.7747 -0.0485
v -0.0535 0.7747 -0.0794
v -0.0309 0.7747 -0.1020
v -0.0000 0.7747 -0.1103
v 0.0309 0.7747 -0.1020
v 0.0535 0.7747 -0.0794
v 0.0320 0.7624 -0.0485
v 0.0277 0.7624 -0.0325
v 0.0160 0.7624 -0.0208
v 0.0000 0.7624 -0.0165
v -0.0160 0.7624 -0.0208
v -0.0277 0.7624 -0.0325
v -0.0320 0.7624 -0.0485
v -0.0277 0.7624 -0.0645
v -0.0160 0.7624 -0.0762
v -0.0000 0.7624 -0.0805
v 0.0160 0.7624 -0.0762
v 0.0277 0.7624 -0.0645
v 0.0000 0.7582 -0.0485
v 0.0000 0.7582 -0.0485
v 0.0000 0.7582 -0.0485
v 0.0000 0.7582 -0.0485
v -0.0000 0.7582 -0.0485
v -0.0000 0.7582 -0.0485
v -0.0000 0.7582 -0.0485
v -0.0000 0.7582 -0.0485
v -0.0000 0.7582 -0.0485
v -0.0000 0.7582 -0.0485
v 0.0000 0.7582 -0.0485
v 0.0000 0.7582 -0.0485
v 0.0000 1.0664 -0.0364
v 0.0000 1.0664 -0.0364
v 0.0000 1.0664 -0.0364
v 0.0000 1.0664 -0.0364
v 0.0000 1.0664 -0.0364
v 0.0000 1.0664 -0.0364
v 0.0000 1.0664 -0.0364
v 0.0000 1.0664 -0.0364
v 0.0000 1.0664 -0.0364
v 0.0000 1.0664 -0.0364
v 0.0000 1.0664 -0.0364
v 0.0000 1.0664 -0.0364
v 0.0313 1.0622 -0.0364
v 0.0271 1.0622 -0.0208
v 0.0156 1.0622 -0.0093
v 0.0000 1.0622 -0.0052
v -0.0156 1.0622 -0.0093
v -0.0271 1.0622 -0.0208
v -0.0313 1.0622 -0.0364
v -0.0271 1.0622 -0.0521
v -0.0156 1.0622 -0.0635
v -0.0000 1.0622 -0.0677
v 0.0156 1.0622 -0.0635
v 0.0271 1.0622 -0.0521
v 0.0605 1.0502 -0.0364
v 0.0524 1.0502 -0.0062
v 0.0302 1.0502 0.0159
v 0.0000 1.0502 0.0240
v -0.0302 1.0502 0.0159
v -0.0524 1.0502 -0.0062
v -0.0605 1.0502 -0.0364
v -0.0524 1.0502 -0.0667
v -0.0302 1.0502 -0.0888
v -0.0000 1.0502 -0.0969
v 0.0302 1.0502 -0.0888
v 0.0524 1.0502 -0.0667
v 0.0855 1.0310 -0.0364
v 0.0740 1.0310 0.0063
v 0.0427 1.0310 0.0376
v 0.0000 1.0310 0.0491
v -0.0427 1.0310 0.0376
v -0.0740 1.0310 0.0063
v -0.0855 1.0310 -0.0364
v -0.0740 1.0310 -0.0792
v -0.0427 1.0310 -0.1105
v -0.0000 1.0310 -0.1219
v 0.0427 1.0310 -0.1105
v 0.0740 1.0310 -0.0792
v 0.1047 1.0059 -0.0364
v 0.0907 1.0059 0.0159
v 0.0524 1.0059 0.0542
v 0.0000 1.0059 0.0683
v -0.0524 1.0059 0.0542
v -0.0907 1.0059 0.0159
v -0.1047 1.0059 -0.0364
v -0.0907 1.0059 -0.0888
v -0.0524 1.0059 -0.1271
v -0.0000 1.0059 -0.1412
v 0.0524 1.0059 -0.1271
v 0.0907 1.0059 -0.0888
v 0.1168 0.9767 -0.0364
v 0.1011 0.9767 0.0219
v 0.0584 0.9767 0.0647
v 0.0000 0.9767 0.0803
v -0.0584 0.9767 0.0647
v -0.1011 0.9767 0.0219
v -0.1168 0.9767 -0.0364
v -0.1011 0.9767 -0.0948
v -0.0584 0.9767 -0.1376
v -0.0000 0.9767 -0.1532
v 0.0584 0.9767 -0.1376
v 0.1011 0.9767 -0.0948
v 0.1209 0.9455 -0.0364
v 0.1047 0.9455 0.0240
v 0.0605 0.9455 0.0683
v 0.0000 0.9455 0.0845
v -0.0605 0.9455 0.0683
v -0.1047 0.9455 0.0240
v -0.1209 0.9455 -0.0364
v -0.1047 0.9455 -0.0969
v -0.0605 0.9455 -0.1412
v -0.0000 0.9455 -0.1574
v 0.0605 0.9455 -0.1412
v 0.1047 0.9455 -0.0969
v 0.1168 0.9142 -0.0364
v 0.1011 0.9142 0.0219
v 0.0584 0.9142 0.0647
v 0.0000 0.9142 0.0803
v -0.0584 0.9142 0.0647
v -0.1011 0.9142 0.0219
v -0.1168 0.9142 -0.0364
v -0.1011 0.9142 -0.0948
v -0.0584 0.9142 -0.1376
v -0.0000 0.9142 -0.1532
v 0.0584 0.9142 -0.1376
v 0.1011 0.9142 -0.0948
v 0.1047 0.8850 -0.0364
v 0.0907 0.8850 0.0159
v 0.0524 0.8850 0.0542
v 0.0000 0.8850 0.0683
v -0.0524 0.8850 0.0542
v -0.0907 0.8850 0.0159
v -0.1047 0.8850 -0.0364
v -0.0907 0.8850 -0.0888
v -0.0524 0.8850 -0.1271
v -0.0000 0.8850 -0.1412
v 0.0524 0.8850 -0.1271
v 0.0907 0.8850 -0.0888
v 0.0855 0.8600 -0.0364
v 0.0740 0.8600 0.0063
v 0.0427 0.8600 0.0376
v 0.0000 0.8600 0.0491
v -0.0427 0.8600 0.0376
v -0.0740 0.8600 0.0063
v -0.0855 0.8600 -0.0364
v -0.0740 0.8600 -0.0792
v -0.0427 0.8600 -0.1105
v -0.0000 0.8600 -0.1219
v 0.0427 0.8600 -0.1105
v 0.0740 0.8600 -0.0792
v 0.0605 0.8407 -0.0364
v 0.0524 0.8407 -0.0062
v 0.0302 0.8407 0.0159
v 0.0000 0.8407 0.0240
v -0.0302 0.8407 0.0159
v -0.0524 0.8407 -0.0062
v -0.0605 0.8407 -0.0364
v -0.0524 0.8407 -0.0667
v -0.0302 0.8407 -0.0888
v -0.0000 0.8407 -0.0969
v 0.0302 0.8407 -0.0888
v 0.0524 0.8407 -0.0667
v 0.0313 0.8287 -0.0364
v 0.0271 0.8287 -0.0208
v 0.0156 0.8287 -0.0093
v 0.0000 0.8287 -0.0052
v -0.0156 0.8287 -0.0093
v -0.0271 0.8287 -0.0208
v -0.0313 0.8287 -0.0364
v -0.0271 0.8287 -0.0521
v -0.0156 0.8287 -0.0635
v -0.0000 0.8287 -0.0677
v 0.0156 0.8287 -0.0635
v 0.0271 0.8287 -0.0521
v 0.0000 0.8245 -0.0364
v 0.0000 0.8245 -0.0364
v 0.0000 0.8245 -0.0364
v 0.0000 0.8245 -0.0364
v -0.0000 0.8245 -0.0364
v -0.0000 0.8245 -0.0364
v -0.0000 0.8245 -0.0364
v -0.0000 0.8245 -0.0364
v -0.0000 0.8245 -0.0364
v -0.0000 0.8245 -0.0364
v 0.0000 0.8245 -0.0364
v 0.0000 0.8245 -0.0364
v 0.0000 1.1273 -0.0134
v 0.0000 1.1273 -0.0134
v 0.0000 1.1273 -0.0134
v 0.0000 1.1273 -0.0134
v 0.0000 1.1273 -0.0134
v 0.0000 1.1273 -0.0134
v 0.0000 1.1273 -0.0134
v 0.0000 1.1273 -0.0134
v 0.0000 1.1273 -0.0134
v 0.0000 1.1273 -0.0134
v 0.0000 1.1273 -0.0134
v 0.0000 1.1273 -0.0134
v 0.0306 1.1232 -0.0134
v 0.0265 1.1232 0.0019
v 0.0153 1.1232 0.0131
v 0.0000 1.1232 0.0172
v -0.0153 1.1232 0.0131
v -0.0265 1.1232 0.0019
v -0.0306 1.1232 -0.0134
v -0.0265 1.1232 -0.0287
v -0.0153 1.1232 -0.0399
v -0.0000 1.1232 -0.0440
v 0.0153 1.1232 -0.0399
v 0.0265 1.1232 -0.0287
v 0.0591 1.1114 -0.0134
v 0.0512 1.1114 0.0162
v 0.0295 1.1114 0.0378
v 0.0000 1.1114 0.0457
v -0.0295 1.1114 0.0378
v -0.0512 1.1114 0.0162
v -0.0591 1.1114 -0.0134
v -0.0512 1.1114 -0.0429
v -0.0295 1.1114 -0.0645
v -0.0000 1.1114 -0.0725
v 0.0295 1.1114 -0.0645
v 0.0512 1.1114 -0.0429
v 0.0836 1.0927 -0.0134
v 0.0724 1.0927 0.0284
v 0.0418 1.0927 0.0590
v 0.0000 1.0927 0.0702
v -0.0418 1.0927 0.0590
v -0.0724 1.0927 0.0284
v -0.0836 1.0927 -0.0134
v -0.0724 1.0927 -0.0551
v -0.0418 1.0927 -0.0857
v -0.0000 1.0927 -0.0969
v 0.0418 1.0927 -0.0857
v 0.0724 1.0927 -0.0551
v 0.1023 1.0682 -0.0134
v 0.0886 1.0682 0.0378
v 0.0512 1.0682 0.0753
v 0.0000 1.0682 0.0890
v -0.0512 1.0682 0.0753
v -0.0886 1.0682 0.0378
v -0.1023 1.0682 -0.0134
v -0.0886 1.0682 -0.0645
v -0.0512 1.0682 -0.1020
v -0.0000 1.0682 -0.1157
v 0.0512 1.0682 -0.1020
v 0.0886 1.0682 -0.0645
v 0.1142 1.0397 -0.0134
v 0.0989 1.0397 0.0437
v 0.0571 1.0397 0.0855
v 0.0000 1.0397 0.1008
v -0.0571 1.0397 0.0855
v -0.0989 1.0397 0.0437
v -0.1142 1.0397 -0.0134
v -0.0989 1.0397 -0.0704
v -0.0571 1.0397 -0.1122
v -0.0000 1.0397 -0.1275
v 0.0571 1.0397 -0.1122
v 0.0989 1.0397 -0.0704
v 0.1182 1.0091 -0.0134
v 0.1023 1.0091 0.0457
v 0.0591 1.0091 0.0890
v 0.0000 1.0091 0.1048
v -0.0591 1.0091 0.0890
v -0.1023 1.0091 0.0457
v -0.1182 1.0091 -0.0134
v -0.1023 1.0091 -0.0725
v -0.0591 1.0091 -0.1157
v -0.0000 1.0091 -0.1315
v 0.0591 1.0091 -0.1157
v 0.1023 1.0091 -0.0725
v 0.1142 0.9785 -0.0134
v 0.0989 0.9785 0.0437
v 0.0571 0.9785 0.0855
v 0.0000 0.9785 0.1008
v -0.0571 0.9785 0.0855
v -0.0989 0.9785 0.0437
v -0.1142 0.9785 -0.0134
v -0.0989 0.9785 -0.0704
v -0.0571 0.9785 -0.1122
v -0.0000 0.9785 -0.1275
v 0.0571 0.9785 -0.1122
v 0.0989 0.9785 -0.0704
v 0.1023 0.9500 -0.0134
v 0.0886 0.9500 0.0378
v 0.0512 0.9500 0.0753
v 0.0000 0.9500 0.0890
v -0.0512 0.9500 0.0753
v -0.0886 0.9500 0.0378
v -0.1023 0.9500 -0.0134
v -0.0886 0.9500 -0.0645
v -0.0512 0.9500 -0.1020
v -0.0000 0.9500 -0.1157
v 0.0512 0.9500 -0.1020
v 0.0886 0.9500 -0.0645
v 0.0836 0.9255 -0.0134
v 0.0724 0.9255 0.0284
v 0.0418 0.9255 0.0590
v 0.0000 0.9255 0.0702
v -0.0418 0.9255 0.0590
v -0.0724 0.9255 0.0284
v -0.0836 0.9255 -0.0134
v -0.0724 0.9255 -0.0551
v -0.0418 0.9255 -0.0857
v -0.0000 0.9255 -0.0969
v 0.0418 0.9255 -0.0857
v 0.0724 0.9255 -0.0551
v 0.0591 0.9067 -0.0134
v 0.0512 0.9067 0.0162
v 0.0295 0.9067 0.0378
v 0.0000 0.9067 0.0457
v -0.0295 0.9067 0.0378
v -0.0512 0.9067 0.0162
v -0.0591 0.9067 -0.0134
v -0.0512 0.9067 -0.0429
v -0.0295 0.9067 -0.0645
v -0.0000 0.9067 -0.0725
v 0.0295 0.9067 -0.0645
v 0.0512 0.9067 -0.0429
v 0.0306 0.8949 -0.0134
v 0.0265 0.8949 0.0019
v 0.0153 0.8949 0.0131
v 0.0000 0.8949 0.0172
v -0.0153 0.8949 0.0131
v -0.0265 0.8949 0.0019
v -0.0306 0.8949 -0.0134
v -0.0265 0.8949 -0.0287
v -0.0153 0.8949 -0.0399
v -0.0000 0.8949 -0.0440
v 0.0153 0.8949 -0.0399
v 0.0265 0.8949 -0.0287
v 0.0000 0.8909 -0.0134
v 0.0000 0.8909 -0.0134
v 0.0000 0.8909 -0.0134
v 0.0000 0.8909 -0.0134
v -0.0000 0.8909 -0.0134
v -0.0000 0.8909 -0.0134
v -0.0000 0.8909 -0.0134
v -0.0000 0.8909 -0.0134
v -0.0000 0.8909 -0.0134
v -0.0000 0.8909 -0.0134
v 0.0000 0.8909 -0.0134
v 0.0000 0.8909 -0.0134
v 0.0000 1.1882 0.0189
v 0.0000 1.1882 0.0189
v 0.0000 1.1882 0.0189
v 0.0000 1.1882 0.0189
v 0.0000 1.1882 0.0189
v 0.0000 1.1882 0.0189
v 0.0000 1.1882 0.0189
v 0.0000 1.1882 0.0189
v 0.0000 1.1882 0.0189
v 0.0000 1.1882 0.0189
v 0.0000 1.1882 0.0189
v 0.0000 1.1882 0.0189
v 0.0299 1.1842 0.0189
v 0.0259 1.1842 0.0338
v 0.0149 1.1842 0.0448
v 0.0000 1.1842 0.0488
v -0.0149 1.1842 0.0448
v -0.0259 1.1842 0.0338
v -0.0299 1.1842 0.0189
v -0.0259 1.1842 0.0040
v -0.0149 1.1842 -0.0070
v -0.0000 1.1842 -0.0110
v 0.0149 1.1842 -0.0070
v 0.0259 1.1842 0.0040
v 0.0577 1.1727 0.0189
v 0.0500 1.1727 0.0478
v 0.0289 1.1727 0.0689
v 0.0000 1.1727 0.0766
v -0.0289 1.1727 0.0689
v -0.0500 1.1727 0.0478
v -0.0577 1.1727 0.0189
v -0.0500 1.1727 -0.0100
v -0.0289 1.1727 -0.0311
v -0.0000 1.1727 -0.0388
v 0.0289 1.1727 -0.0311
v 0.0500 1.1727 -0.0100
v 0.0816 1.1544 0.0189
v 0.0707 1.1544 0.0597
v 0.0408 1.1544 0.0896
v 0.0000 1.1544 0.1005
v -0.0408 1.1544 0.0896
v -0.0707 1.1544 0.0597
v -0.0816 1.1544 0.0189
v -0.0707 1.1544 -0.0219
v -0.0408 1.1544 -0.0518
v -0.0000 1.1544 -0.0627
v 0.0408 1.1544 -0.0518
v 0.0707 1.1544 -0.0219
v 0.1000 1.1305 0.0189
v 0.0866 1.1305 0.0689
v 0.0500 1.1305 0.1055
v 0.0000 1.1305 0.1189
v -0.0500 1.1305 0.1055
v -0.0866 1.1305 0.0689
v -0.1000 1.1305 0.0189
v -0.0866 1.1305 -0.0311
v -0.0500 1.1305 -0.0677
v -0.0000 1.1305 -0.0811
v 0.0500 1.1305 -0.0677
v 0.0866 1.1305 -0.0311
v 0.1115 1.1026 0.0189
v 0.0966 1.1026 0.0747
v 0.0558 1.1026 0.1155
v 0.0000 1.1026 0.1304
v -0.0558 1.1026 0.1155
v -0.0966 1.1026 0.0747
v -0.1115 1.1026 0.0189
v -0.0966 1.1026 -0.0369
v -0.0558 1.1026 -0.0777
v -0.0000 1.1026 -0.0926
v 0.0558 1.1026 -0.0777
v 0.0966 1.1026 -0.0369
v 0.1155 1.0727 0.0189
v 0.1000 1.0727 0.0766
v 0.0577 1.0727 0.1189
v 0.0000 1.0727 0.1344
v -0.0577 1.0727 0.1189
v -0.1000 1.0727 0.0766
v -0.1155 1.0727 0.0189
v -0.1000 1.0727 -0.0388
v -0.0577 1.0727 -0.0811
v -0.0000 1.0727 -0.0966
v 0.0577 1.0727 -0.0811
v 0.1000 1.0727 -0.0388
v 0.1115 1.0428 0.0189
v 0.0966 1.0428 0.0747
v 0.0558 1.0428 0.1155
v 0.0000 1.0428 0.1304
v -0.0558 1.0428 0.1155
v -0.0966 1.0428 0.0747
v -0.1115 1.0428 0.0189
v -0.0966 1.0428 -0.0369
v -0.0558 1.0428 -0.0777
v -0.0000 1.0428 -0.0926
v 0.0558 1.0428 -0.0777
v 0.0966 1.0428 -0.0369
v 0.1000 1.0150 0.0189
v 0.0866 1.0150 0.0689
v 0.0500 1.0150 0.1055
v 0.0000 1.0150 0.1189
v -0.0500 1.0150 0.1055
v -0.0866 1.0150 0.0689
v -0.1000 1.0150 0.0189
v -0.0866 1.0150 -0.0311
v -0.0500 1.0150 -0.0677
v -0.0000 1.0150 -0.0811
v 0.0500 1.0150 -0.0677
v 0.0866 1.0150 -0.0311
v 0.0816 0.9911 0.0189
v 0.0707 0.9911 0.0597
v 0.0408 0.9911 0.0896
v 0.0000 0.9911 0.1005
v -0.0408 0.9911 0.0896
v -0.0707 0.9911 0.0597
v -0.0816 0.9911 0.0189
v -0.0707 0.9911 -0.0219
v -0.0408 0.9911 -0.0518
v -0.0000 0.9911 -0.0627
v 0.0408 0.9911 -0.0518
v 0.0707 0.9911 -0.0219
v 0.0577 0.9727 0.0189
v 0.0500 0.9727 0.0478
v 0.0289 0.9727 0.0689
v 0.0000 0.9727 0.0766
v -0.0289 0.9727 0.0689
v -0.0500 0.9727 0.0478
v -0.0577 0.9727 0.0189
v -0.0500 0.9727 -0.0100
v -0.0289 0.9727 -0.0311
v -0.0000 0.9727 -0.0388
v 0.0289 0.9727 -0.0311
v 0.0500 0.9727 -0.0100
v 0.0299 0.9612 0.0189
v 0.0259 0.9612 0.0338
v 0.0149 0.9612 0.0448
v 0.0000 0.9612 0.0488
v -0.0149 0.9612 0.0448
v -0.0259 0.9612 0.0338
v -0.0299 0.9612 0.0189
v -0.0259 0.9612 0.0040
v -0.0149 0.9612 -0.0070
v -0.0000 0.9612 -0.0110
v 0.0149 0.9612 -0.0070
v 0.0259 0.9612 0.0040
v 0.0000 0.9573 0.0189
v 0.0000 0.9573 0.0189
v 0.0000 0.9573 0.0189
v 0.0000 0.9573 0.0189
v -0.0000 0.9573 0.0189
v -0.0000 0.9573 0.0189
v -0.0000 0.9573 0.0189
v -0.0000 0.9573 0.0189
v -0.0000 0.9573 0.0189
v -0.0000 0.9573 0.0189
v 0.0000 0.9573 0.0189
v 0.0000 0.9573 0.0189
v 0.0000 1.2491 0.0577
v 0.0000 1.2491 0.0577
v 0.0000 1.2491 0.0577
v 0.0000 1.2491 0.0577
v 0.0000 1.2491 0.0577
v 0.0000 1.2491 0.0577
v 0.0000 1.2491 0.0577
v 0.0000 1.2491 0.0577
v 0.0000 1.2491 0.0577
v 0.0000 1.2491 0.0577
v 0.0000 1.2491 0.0577
v 0.0000 1.2491 0.0577
v 0.0292 1.2452 0.0577
v 0.0253 1.2452 0.0723
v 0.0146 1.2452 0.0830
v 0.0000 1.2452 0.0869
v -0.0146 1.2452 0.0830
v -0.0253 1.2452 0.0723
v -0.0292 1.2452 0.0577
v -0.0253 1.2452 0.0432
v -0.0146 1.2452 0.0325
v -0.0000 1.2452 0.0286
v 0.0146 1.2452 0.0325
v 0.0253 1.2452 0.0432
v 0.0564 1.2340 0.0577
v 0.0488 1.2340 0.0859
v 0.0282 1.2340 0.1066
v 0.0000 1.2340 0.1141
v -0.0282 1.2340 0.1066
v -0.0488 1.2340 0.0859
v -0.0564 1.2340 0.0577
v -0.0488 1.2340 0.0296
v -0.0282 1.2340 0.0089
v -0.0000 1.2340 0.0014
v 0.0282 1.2340 0.0089
v 0.0488 1.2340 0.0296
v 0.0797 1.2161 0.0577
v 0.0690 1.2161 0.0976
v 0.0399 1.2161 0.1268
v 0.0000 1.2161 0.1375
v -0.0399 1.2161 0.1268
v -0.0690 1.2161 0.0976
v -0.0797 1.2161 0.0577
v -0.0690 1.2161 0.0179
v -0.0399 1.2161 -0.0113
v -0.0000 1.2161 -0.0220
v 0.0399 1.2161 -0.0113
v 0.0690 1.2161 0.0179
v 0.0976 1.1927 0.0577
v 0.0845 1.1927 0.1066
v 0.0488 1.1927 0.1423
v 0.0000 1.1927 0.1554
v -0.0488 1.1927 0.1423
v -0.0845 1.1927 0.1066
v -0.0976 1.1927 0.0577
v -0.0845 1.1927 0.0089
v -0.0488 1.1927 -0.0268
v -0.0000 1.1927 -0.0399
v 0.0488 1.1927 -0.0268
v 0.0845 1.1927 0.0089
v 0.1089 1.1655 0.0577
v 0.0943 1.1655 0.1122
v 0.0544 1.1655 0.1520
v 0.0000 1.1655 0.1666
v -0.0544 1.1655 0.1520
v -0.0943 1.1655 0.1122
v -0.1089 1.1655 0.0577
v -0.0943 1.1655 0.0033
v -0.0544 1.1655 -0.0366
v -0.0000 1.1655 -0.0511
v 0.0544 1.1655 -0.0366
v 0.0943 1.1655 0.0033
v 0.1127 1.1364 0.0577
v 0.0976 1.1364 0.1141
v 0.0564 1.1364 0.1554
v 0.0000 1.1364 0.1705
v -0.0564 1.1364 0.1554
v -0.0976 1.1364 0.1141
v -0.1127 1.1364 0.0577
v -0.0976 1.1364 0.0014
v -0.0564 1.1364 -0.0399
v -0.0000 1.1364 -0.0550
v 0.0564 1.1364 -0.0399
v 0.0976 1.1364 0.0014
v 0.1089 1.1072 0.0577
v 0.0943 1.1072 0.1122
v 0.0544 1.1072 0.1520
v 0.0000 1.1072 0.1666
v -0.0544 1.1072 0.1520
v -0.0943 1.1072 0.1122
v -0.1089 1.1072 0.0577
v -0.0943 1.1072 0.0033
v -0.0544 1.1072 -0.0366
v -0.0000 1.1072 -0.0511
v 0.0544 1.1072 -0.0366
v 0.0943 1.1072 0.0033
v 0.0976 1.0800 0.0577
v 0.0845 1.0800 0.1066
v 0.0488 1.0800 0.1423
v 0.0000 1.0800 0.1554
v -0.0488 1.0800 0.1423
v -0.0845 1.0800 0.1066
v -0.0976 1.0800 0.0577
v -0.0845 1.0800 0.0089
v -0.0488 1.0800 -0.0268
v -0.0000 1.0800 -0.0399
v 0.0488 1.0800 -0.0268
v 0.0845 1.0800 0.0089
v 0.0797 1.0567 0.0577
v 0.0690 1.0567 0.0976
v 0.0399 1.0567 0.1268
v 0.0000 1.0567 0.1375
v -0.0399 1.0567 0.1268
v -0.0690 1.0567 0.0976
v -0.0797 1.0567 0.0577
v -0.0690 1.0567 0.0179
v -0.0399 1.0567 -0.0113
v -0.0000 1.0567 -0.0220
v 0.0399 1.0567 -0.0113
v 0.0690 1.0567 0.0179
v 0.0564 1.0387 0.0577
v 0.0488 1.0387 0.0859
v 0.0282 1.0387 0.1066
v 0.0000 1.0387 0.1141
v -0.0282 1.0387 0.1066
v -0.0488 1.0387 0.0859
v -0.0564 1.0387 0.0577
v -0.0488 1.0387 0.0296
v -0.0282 1.0387 0.0089
v -0.0000 1.0387 0.0014
v 0.0282 1.0387 0.0089
v 0.0488 1.0387 0.0296
v 0.0292 1.0275 0.0577
v 0.0253 1.0275 0.0723
v 0.0146 1.0275 0.0830
v 0.0000 1.0275 0.0869
v -0.0146 1.0275 0.0830
v -0.0253 1.0275 0.0723
v -0.0292 1.0275 0.0577
v -0.0253 1.0275 0.0432
v -0.0146 1.0275 0.0325
v -0.0000 1.0275 0.0286
v 0.0146 1.0275 0.0325
v 0.0253 1.0275 0.0432
v 0.0000 1.0236 0.0577
v 0.0000 1.0236 0.0577
v 0.0000 1.0236 0.0577
v 0.0000 1.0236 0.0577
v -0.0000 1.0236 0.0577
v -0.0000 1.0236 0.0577
v -0.0000 1.0236 0.0577
v -0.0000 1.0236 0.0577
v -0.0000 1.0236 0.0577
v -0.0000 1.0236 0.0577
v 0.0000 1.0236 0.0577
v 0.0000 1.0236 0.0577
v 0.0000 1.3100 0.1000
v 0.0000 1.3100 0.1000
v 0.0000 1.3100 0.1000
v 0.0000 1.3100 0.1000
v 0.0000 1.3100 0.1000
v 0.0000 1.3100 0.1000
v 0.0000 1.3100 0.1000
v 0.0000 1.3100 0.1000
v 0.0000 1.3100 0.1000
v 0.0000 1.3100 0.1000
v 0.0000 1.3100 0.1000
v 0.0000 1.3100 0.1000
v 0.0285 1.3063 0.1000
v 0.0247 1.3063 0.1142
v 0.0142 1.3063 0.1247
v 0.0000 1.3063 0.1285
v -0.0142 1.3063 0.1247
v -0.0247 1.3063 0.1142
v -0.0285 1.3063 0.1000
v -0.0247 1.3063 0.0858
v -0.0142 1.3063 0.0753
v -0.0000 1.3063 0.0715
v 0.0142 1.3063 0.0753
v 0.0247 1.3063 0.0858
v 0.0550 1.2953 0.1000
v 0.0476 1.2953 0.1275
v 0.0275 1.2953 0.1476
v 0.0000 1.2953 0.1550
v -0.0275 1.2953 0.1476
v -0.0476 1.2953 0.1275
v -0.0550 1.2953 0.1000
v -0.0476 1.2953 0.0725
v -0.0275 1.2953 0.0524
v -0.0000 1.2953 0.0450
v 0.0275 1.2953 0.0524
v 0.0476 1.2953 0.0725
v 0.0778 1.2778 0.1000
v 0.0674 1.2778 0.1389
v 0.0389 1.2778 0.1674
v 0.0000 1.2778 0.1778
v -0.0389 1.2778 0.1674
v -0.0674 1.2778 0.1389
v -0.0778 1.2778 0.1000
v -0.0674 1.2778 0.0611
v -0.0389 1.2778 0.0326
v -0.0000 1.2778 0.0222
v 0.0389 1.2778 0.0326
v 0.0674 1.2778 0.0611
v 0.0953 1.2550 0.1000
v 0.0825 1.2550 0.1476
v 0.0476 1.2550 0.1825
v 0.0000 1.2550 0.1953
v -0.0476 1.2550 0.1825
v -0.0825 1.2550 0.1476
v -0.0953 1.2550 0.1000
v -0.0825 1.2550 0.0524
v -0.0476 1.2550 0.0175
v -0.0000 1.2550 0.0047
v 0.0476 1.2550 0.0175
v 0.0825 1.2550 0.0524
v 0.1063 1.2285 0.1000
v 0.0920 1.2285 0.1531
v 0.0531 1.2285 0.1920
v 0.0000 1.2285 0.2063
v -0.0531 1.2285 0.1920
v -0.0920 1.2285 0.1531
v -0.1063 1.2285 0.1000
v -0.0920 1.2285 0.0469
v -0.0531 1.2285 0.0080
v -0.0000 1.2285 -0.0063
v 0.0531 1.2285 0.0080
v 0.0920 1.2285 0.0469
v 0.1100 1.2000 0.1000
v 0.0953 1.2000 0.1550
v 0.0550 1.2000 0.1953
v 0.0000 1.2000 0.2100
v -0.0550 1.2000 0.1953
v -0.0953 1.2000 0.1550
v -0.1100 1.2000 0.1000
v -0.0953 1.2000 0.0450
v -0.0550 1.2000 0.0047
v -0.0000 1.2000 -0.0100
v 0.0550 1.2000 0.0047
v 0.0953 1.2000 0.0450
v 0.1063 1.1715 0.1000
v 0.0920 1.1715 0.1531
v 0.0531 1.1715 0.1920
v 0.0000 1.1715 0.2063
v -0.0531 1.1715 0.1920
v -0.0920 1.1715 0.1531
v -0.1063 1.1715 0.1000
v -0.0920 1.1715 0.0469
v -0.0531 1.1715 0.0080
v -0.0000 1.1715 -0.0063
v 0.0531 1.1715 0.0080
v 0.0920 1.1715 0.0469
v 0.0953 1.1450 0.1000
v 0.0825 1.1450 0.1476
v 0.0476 1.1450 0.1825
v 0.0000 1.1450 0.1953
v -0.0476 1.1450 0.1825
v -0.0825 1.1450 0.1476
v -0.0953 1.1450 0.1000
v -0.0825 1.1450 0.0524
v -0.0476 1.1450 0.0175
v -0.0000 1.1450 0.0047
v 0.0476 1.1450 0.0175
v 0.0825 1.1450 0.0524
v 0.0778 1.1222 0.1000
v 0.0674 1.1222 0.1389
v 0.0389 1.1222 0.1674
v 0.0000 1.1222 0.1778
v -0.0389 1.1222 0.1674
v -0.0674 1.1222 0.1389
v -0.0778 1.1222 0.1000
v -0.0674 1.1222 0.0611
v -0.0389 1.1222 0.0326
v -0.0000 1.1222 0.0222
v 0.0389 1.1222 0.0326
v 0.0674 1.1222 0.0611
v 0.0550 1.1047 0.1000
v 0.0476 1.1047 0.1275
v 0.0275 1.1047 0.1476
v 0.0000 1.1047 0.1550
v -0.0275 1.1047 0.1476
v -0.0476 1.1047 0.1275
v -0.0550 1.1047 0.1000
v -0.0476 1.1047 0.0725
v -0.0275 1.1047 0.0524
v -0.0000 1.1047 0.0450
v 0.0275 1.1047 0.0524
v 0.0476 1.1047 0.0725
v 0.0285 1.0937 0.1000
v 0.0247 1.0937 0.1142
v 0.0142 1.0937 0.1247
v 0.0000 1.0937 0.1285
v -0.0142 1.0937 0.1247
v -0.0247 1.0937 0.1142
v -0.0285 1.0937 0.1000
v -0.0247 1.0937 0.0858
v -0.0142 1.0937 0.0753
v -0.0000 1.0937 0.0715
v 0.0142 1.0937 0.0753
v 0.0247 1.0937 0.0858
v 0.0000 1.0900 0.1000
v 0.0000 1.0900 0.1000
v 0.0000 1.0900 0.1000
v 0.0000 1.0900 0.1000
v -0.0000 1.0900 0.1000
v -0.0000 1.0900 0.1000
v -0.0000 1.0900 0.1000
v -0.0000 1.0900 0.1000
v -0.0000 1.0900 0.1000
v -0.0000 1.0900 0.1000
v 0.0000 1.0900 0.1000
v 0.0000 1.0900 0.1000
v 0.0000 1.4300 -0.0500
v 0.0000 1.4300 -0.0500
v 0.0000 1.4300 -0.0500
v 0.0000 1.4300 -0.0500
v 0.0000 1.4300 -0.0500
v 0.0000 1.4300 -0.0500
v 0.0000 1.4300 -0.0500
v 0.0000 1.4300 -0.0500
v 0.0000 1.4300 -0.0500
v 0.0000 1.4300 -0.0500
v 0.0000 1.4300 -0.0500
v 0.0000 1.4300 -0.0500
v 0.0466 1.4239 -0.0500
v 0.0403 1.4239 -0.0267
v 0.0233 1.4239 -0.0097
v 0.0000 1.4239 -0.0034
v -0.0233 1.4239 -0.0097
v -0.0403 1.4239 -0.0267
v -0.0466 1.4239 -0.0500
v -0.0403 1.4239 -0.0733
v -0.0233 1.4239 -0.0903
v -0.0000 1.4239 -0.0966
v 0.0233 1.4239 -0.0903
v 0.0403 1.4239 -0.0733
v 0.0900 1.4059 -0.0500
v 0.0779 1.4059 -0.0050
v 0.0450 1.4059 0.0279
v 0.0000 1.4059 0.0400
v -0.0450 1.4059 0.0279
v -0.0779 1.4059 -0.0050
v -0.0900 1.4059 -0.0500
v -0.0779 1.4059 -0.0950
v -0.0450 1.4059 -0.1279
v -0.0000 1.4059 -0.1400
v 0.0450 1.4059 -0.1279
v 0.0779 1.4059 -0.0950
v 0.1273 1.3773 -0.0500
v 0.1102 1.3773 0.0136
v 0.0636 1.3773 0.0602
v 0.0000 1.3773 0.0773
v -0.0636 1.3773 0.0602
v -0.1102 1.3773 0.0136
v -0.1273 1.3773 -0.0500
v -0.1102 1.3773 -0.1136
v -0.0636 1.3773 -0.1602
v -0.0000 1.3773 -0.1773
v 0.0636 1.3773 -0.1602
v 0.1102 1.3773 -0.1136
v 0.1559 1.3400 -0.0500
v 0.1350 1.3400 0.0279
v 0.0779 1.3400 0.0850
v 0.0000 1.3400 0.1059
v -0.0779 1.3400 0.0850
v -0.1350 1.3400 0.0279
v -0.1559 1.3400 -0.0500
v -0.1350 1.3400 -0.1279
v -0.0779 1.3400 -0.1850
v -0.0000 1.3400 -0.2059
v 0.0779 1.3400 -0.1850
v 0.1350 1.3400 -0.1279
v 0.1739 1.2966 -0.0500
v 0.1506 1.2966 0.0369
v 0.0869 1.2966 0.1006
v 0.0000 1.2966 0.1239
v -0.0869 1.2966 0.1006
v -0.1506 1.2966 0.0369
v -0.1739 1.2966 -0.0500
v -0.1506 1.2966 -0.1369
v -0.0869 1.2966 -0.2006
v -0.0000 1.2966 -0.2239
v 0.0869 1.2966 -0.2006
v 0.1506 1.2966 -0.1369
v 0.1800 1.2500 -0.0500
v 0.1559 1.2500 0.0400
v 0.0900 1.2500 0.1059
v 0.0000 1.2500 0.1300
v -0.0900 1.2500 0.1059
v -0.1559 1.2500 0.0400
v -0.1800 1.2500 -0.0500
v -0.1559 1.2500 -0.1400
v -0.0900 1.2500 -0.2059
v -0.0000 1.2500 -0.2300
v 0.0900 1.2500 -0.2059
v 0.1559 1.2500 -0.1400
v 0.1739 1.2034 -0.0500
v 0.1506 1.2034 0.0369
v 0.0869 1.2034 0.1006
v 0.0000 1.2034 0.1239
v -0.0869 1.2034 0.1006
v -0.1506 1.2034 0.0369
v -0.1739 1.2034 -0.0500
v -0.1506 1.2034 -0.1369
v -0.0869 1.2034 -0.2006
v -0.0000 1.2034 -0.2239
v 0.0869 1.2034 -0.2006
v 0.1506 1.2034 -0.1369
v 0.1559 1.1600 -0.0500
v 0.1350 1.1600 0.0279
v 0.0779 1.1600 0.0850
v 0.0000 1.1600 0.1059
v -0.0779 1.1600 0.0850
v -0.1350 1.1600 0.0279
v -0.1559 1.1600 -0.0500
v -0.1350 1.1600 -0.1279
v -0.0779 1.1600 -0.1850
v -0.0000 1.1600 -0.2059
v 0.0779 1.1600 -0.1850
v 0.1350 1.1600 -0.1279
v 0.1273 1.1227 -0.0500
v 0.1102 1.1227 0.0136
v 0.0636 1.1227 0.0602
v 0.0000 1.1227 0.0773
v -0.0636 1.1227 0.0602
v -0.1102 1.1227 0.0136
v -0.1273 1.1227 -0.0500
v -0.1102 1.1227 -0.1136
v -0.0636 1.1227 -0.1602
v -0.0000 1.1227 -0.1773
v 0.0636 1.1227 -0.1602
v 0.1102 1.1227 -0.1136
v 0.0900 1.0941 -0.0500
v 0.0779 1.0941 -0.0050
v 0.0450 1.0941 0.0279
v 0.0000 1.0941 0.0400
v -0.0450 1.0941 0.0279
v -0.0779 1.0941 -0.0050
v -0.0900 1.0941 -0.0500
v -0.0779 1.0941 -0.0950
v -0.0450 1.0941 -0.1279
v -0.0000 1.0941 -0.1400
v 0.0450 1.0941 -0.1279
v 0.0779 1.0941 -0.0950
v 0.0466 1.0761 -0.0500
v 0.0403 1.0761 -0.0267
v 0.0233 1.0761 -0.0097
v 0.0000 1.0761 -0.0034
v -0.0233 1.0761 -0.0097
v -0.0403 1.0761 -0.0267
v -0.0466 1.0761 -0.0500
v -0.0403 1.0761 -0.0733
v -0.0233 1.0761 -0.0903
v -0.0000 1.0761 -0.0966
v 0.0233 1.0761 -0.0903
v 0.0403 1.0761 -0.0733
v 0.0000 1.0700 -0.0500
v 0.0000 1.0700 -0.0500
v 0.0000 1.0700 -0.0500
v 0.0000 1.0700 -0.0500
v -0.0000 1.0700 -0.0500
v -0.0000 1.0700 -0.0500
v -0.0000 1.0700 -0.0500
v -0.0000 1.0700 -0.0500
v -0.0000 1.0700 -0.0500
v -0.0000 1.0700 -0.0500
v 0.0000 1.0700 -0.0500
v 0.0000 1.0700 -0.0500
v 0.0000 1.3000 -0.1800
v 0.0000 1.3000 -0.1800
v 0.0000 1.3000 -0.1800
v 0.0000 1.3000 -0.1800
v 0.0000 1.3000 -0.1800
v 0.0000 1.3000 -0.1800
v 0.0000 1.3000 -0.1800
v 0.0000 1.3000 -0.1800
v 0.0000 1.3000 -0.1800
v 0.0000 1.3000 -0.1800
v 0.0000 1.3000 -0.1800
v 0.0000 1.3000 -0.1800
v 0.0181 1.2966 -0.1800
v 0.0157 1.2966 -0.1645
v 0.0091 1.2966 -0.1531
v 0.0000 1.2966 -0.1489
v -0.0091 1.2966 -0.1531
v -0.0157 1.2966 -0.1645
v -0.0181 1.2966 -0.1800
v -0.0157 1.2966 -0.1955
v -0.0091 1.2966 -0.2069
v -0.0000 1.2966 -0.2111
v 0.0091 1.2966 -0.2069
v 0.0157 1.2966 -0.1955
v 0.0350 1.2866 -0.1800
v 0.0303 1.2866 -0.1500
v 0.0175 1.2866 -0.1280
v 0.0000 1.2866 -0.1200
v -0.0175 1.2866 -0.1280
v -0.0303 1.2866 -0.1500
v -0.0350 1.2866 -0.1800
v -0.0303 1.2866 -0.2100
v -0.0175 1.2866 -0.2320
v -0.0000 1.2866 -0.2400
v 0.0175 1.2866 -0.2320
v 0.0303 1.2866 -0.2100
v 0.0495 1.2707 -0.1800
v 0.0429 1.2707 -0.1376
v 0.0247 1.2707 -0.1065
v 0.0000 1.2707 -0.0951
v -0.0247 1.2707 -0.1065
v -0.0429 1.2707 -0.1376
v -0.0495 1.2707 -0.1800
v -0.0429 1.2707 -0.2224
v -0.0247 1.2707 -0.2535
v -0.0000 1.2707 -0.2649
v 0.0247 1.2707 -0.2535
v 0.0429 1.2707 -0.2224
v 0.0606 1.2500 -0.1800
v 0.0525 1.2500 -0.1280
v 0.0303 1.2500 -0.0900
v 0.0000 1.2500 -0.0761
v -0.0303 1.2500 -0.0900
v -0.0525 1.2500 -0.1280
v -0.0606 1.2500 -0.1800
v -0.0525 1.2500 -0.2320
v -0.0303 1.2500 -0.2700
v -0.0000 1.2500 -0.2839
v 0.0303 1.2500 -0.2700
v 0.0525 1.2500 -0.2320
v 0.0676 1.2259 -0.1800
v 0.0586 1.2259 -0.1220
v 0.0338 1.2259 -0.0796
v 0.0000 1.2259 -0.0641
v -0.0338 1.2259 -0.0796
v -0.0586 1.2259 -0.1220
v -0.0676 1.2259 -0.1800
v -0.0586 1.2259 -0.2380
v -0.0338 1.2259 -0.2804
v -0.0000 1.2259 -0.2959
v 0.0338 1.2259 -0.2804
v 0.0586 1.2259 -0.2380
v 0.0700 1.2000 -0.1800
v 0.0606 1.2000 -0.1200
v 0.0350 1.2000 -0.0761
v 0.0000 1.2000 -0.0600
v -0.0350 1.2000 -0.0761
v -0.0606 1.2000 -0.1200
v -0.0700 1.2000 -0.1800
v -0.0606 1.2000 -0.2400
v -0.0350 1.2000 -0.2839
v -0.0000 1.2000 -0.3000
v 0.0350 1.2000 -0.2839
v 0.0606 1.2000 -0.2400
v 0.0676 1.1741 -0.1800
v 0.0586 1.1741 -0.1220
v 0.0338 1.1741 -0.0796
v 0.0000 1.1741 -0.0641
v -0.0338 1.1741 -0.0796
v -0.0586 1.1741 -0.1220
v -0.0676 1.1741 -0.1800
v -0.0586 1.1741 -0.2380
v -0.0338 1.1741 -0.2804
v -0.0000 1.1741 -0.2959
v 0.0338 1.1741 -0.2804
v 0.0586 1.1741 -0.2380
v 0.0606 1.1500 -0.1800
v 0.0525 1.1500 -0.1280
v 0.0303 1.1500 -0.0900
v 0.0000 1.1500 -0.0761
v -0.0303 1.1500 -0.0900
v -0.0525 1.1500 -0.1280
v -0.0606 1.1500 -0.1800
v -0.0525 1.1500 -0.2320
v -0.0303 1.1500 -0.2700
v -0.0000 1.1500 -0.2839
v 0.0303 1.1500 -0.2700
v 0.0525 1.1500 -0.2320
v 0.0495 1.1293 -0.1800
v 0.0429 1.1293 -0.1376
v 0.0247 1.1293 -0.1065
v 0.0000 1.1293 -0.0951
v -0.0247 1.1293 -0.1065
v -0.0429 1.1293 -0.1376
v -0.0495 1.1293 -0.1800
v -0.0429 1.1293 -0.2224
v -0.0247 1.1293 -0.2535
v -0.0000 1.1293 -0.2649
v 0.0247 1.1293 -0.2535
v 0.0429 1.1293 -0.2224
v 0.0350 1.1134 -0.1800
v 0.0303 1.1134 -0.1500
v 0.0175 1.1134 -0.1280
v 0.0000 1.1134 -0.1200
v -0.0175 1.1134 -0.1280
v -0.0303 1.1134 -0.1500
v -0.0350 1.1134 -0.1800
v -0.0303 1.1134 -0.2100
v -0.0175 1.1134 -0.2320
v -0.0000 1.1134 -0.2400
v 0.0175 1.1134 -0.2320
v 0.0303 1.1134 -0.2100
v 0.0181 1.1034 -0.1800
v 0.0157 1.1034 -0.1645
v 0.0091 1.1034 -0.1531
v 0.0000 1.1034 -0.1489
v -0.0091 1.1034 -0.1531
v -0.0157 1.1034 -0.1645
v -0.0181 1.1034 -0.1800
v -0.0157 1.1034 -0.1955
v -0.0091 1.1034 -0.2069
v -0.0000 1.1034 -0.2111
v 0.0091 1.1034 -0.2069
v 0.0157 1.1034 -0.1955
v 0.0000 1.1000 -0.1800
v 0.0000 1.1000 -0.1800
v 0.0000 1.1000 -0.1800
v 0.0000 1.1000 -0.1800
v -0.0000 1.1000 -0.1800
v -0.0000 1.1000 -0.1800
v -0.0000 1.1000 -0.1800
v -0.0000 1.1000 -0.1800
v -0.0000 1.1000 -0.1800
v -0.0000 1.1000 -0.1800
v 0.0000 1.1000 -0.1800
v 0.0000 1.1000 -0.1800
v 0.0000 1.2000 -0.2500
v 0.0000 1.2000 -0.2500
v 0.0000 1.2000 -0.2500
v 0.0000 1.2000 -0.2500
v 0.0000 1.2000 -0.2500
v 0.0000 1.2000 -0.2500
v 0.0000 1.2000 -0.2500
v 0.0000 1.2000 -0.2500
v 0.0000 1.2000 -0.2500
v 0.0000 1.2000 -0.2500
v 0.0000 1.2000 -0.2500
v 0.0000 1.2000 -0.2500
v 0.0155 1.1973 -0.2500
v 0.0134 1.1973 -0.2371
v 0.0078 1.1973 -0.2276
v 0.0000 1.1973 -0.2241
v -0.0078 1.1973 -0.2276
v -0.0134 1.1973 -0.2371
v -0.0155 1.1973 -0.2500
v -0.0134 1.1973 -0.2629
v -0.0078 1.1973 -0.2724
v -0.0000 1.1973 -0.2759
v 0.0078 1.1973 -0.2724
v 0.0134 1.1973 -0.2629
v 0.0300 1.1893 -0.2500
v 0.0260 1.1893 -0.2250
v 0.0150 1.1893 -0.2067
v 0.0000 1.1893 -0.2000
v -0.0150 1.1893 -0.2067
v -0.0260 1.1893 -0.2250
v -0.0300 1.1893 -0.2500
v -0.0260 1.1893 -0.2750
v -0.0150 1.1893 -0.2933
v -0.0000 1.1893 -0.3000
v 0.0150 1.1893 -0.2933
v 0.0260 1.1893 -0.2750
v 0.0424 1.1766 -0.2500
v 0.0367 1.1766 -0.2146
v 0.0212 1.1766 -0.1888
v 0.0000 1.1766 -0.1793
v -0.0212 1.1766 -0.1888
v -0.0367 1.1766 -0.2146
v -0.0424 1.1766 -0.2500
v -0.0367 1.1766 -0.2854
v -0.0212 1.1766 -0.3112
v -0.0000 1.1766 -0.3207
v 0.0212 1.1766 -0.3112
v 0.0367 1.1766 -0.2854
v 0.0520 1.1600 -0.2500
v 0.0450 1.1600 -0.2067
v 0.0260 1.1600 -0.1750
v 0.0000 1.1600 -0.1634
v -0.0260 1.1600 -0.1750
v -0.0450 1.1600 -0.2067
v -0.0520 1.1600 -0.2500
v -0.0450 1.1600 -0.2933
v -0.0260 1.1600 -0.3250
v -0.0000 1.1600 -0.3366
v 0.0260 1.1600 -0.3250
v 0.0450 1.1600 -0.2933
v 0.0580 1.1407 -0.2500
v 0.0502 1.1407 -0.2017
v 0.0290 1.1407 -0.1663
v 0.0000 1.1407 -0.1534
v -0.0290 1.1407 -0.1663
v -0.0502 1.1407 -0.2017
v -0.0580 1.1407 -0.2500
v -0.0502 1.1407 -0.2983
v -0.0290 1.1407 -0.3337
v -0.0000 1.1407 -0.3466
v 0.0290 1.1407 -0.3337
v 0.0502 1.1407 -0.2983
v 0.0600 1.1200 -0.2500
v 0.0520 1.1200 -0.2000
v 0.0300 1.1200 -0.1634
v 0.0000 1.1200 -0.1500
v -0.0300 1.1200 -0.1634
v -0.0520 1.1200 -0.2000
v -0.0600 1.1200 -0.2500
v -0.0520 1.1200 -0.3000
v -0.0300 1.1200 -0.3366
v -0.0000 1.1200 -0.3500
v 0.0300 1.1200 -0.3366
v 0.0520 1.1200 -0.3000
v 0.0580 1.0993 -0.2500
v 0.0502 1.0993 -0.2017
v 0.0290 1.0993 -0.1663
v 0.0000 1.0993 -0.1534
v -0.0290 1.0993 -0.1663
v -0.0502 1.0993 -0.2017
v -0.0580 1.0993 -0.2500
v -0.0502 1.0993 -0.2983
v -0.0290 1.0993 -0.3337
v -0.0000 1.0993 -0.3466
v 0.0290 1.0993 -0.3337
v 0.0502 1.0993 -0.2983
v 0.0520 1.0800 -0.2500
v 0.0450 1.0800 -0.2067
v 0.0260 1.0800 -0.1750
v 0.0000 1.0800 -0.1634
v -0.0260 1.0800 -0.1750
v -0.0450 1.0800 -0.2067
v -0.0520 1.0800 -0.2500
v -0.0450 1.0800 -0.2933
v -0.0260 1.0800 -0.3250
v -0.0000 1.0800 -0.3366
v 0.0260 1.0800 -0.3250
v 0.0450 1.0800 -0.2933
v 0.0424 1.0634 -0.2500
v 0.0367 1.0634 -0.2146
v 0.0212 1.0634 -0.1888
v 0.0000 1.0634 -0.1793
v -0.0212 1.0634 -0.1888
v -0.0367 1.0634 -0.2146
v -0.0424 1.0634 -0.2500
v -0.0367 1.0634 -0.2854
v -0.0212 1.0634 -0.3112
v -0.0000 1.0634 -0.3207
v 0.0212 1.0634 -0.3112
v 0.0367 1.0634 -0.2854
v 0.0300 1.0507 -0.2500
v 0.0260 1.0507 -0.2250
v 0.0150 1.0507 -0.2067
v 0.0000 1.0507 -0.2000
v -0.0150 1.0507 -0.2067
v -0.0260 1.0507 -0.2250
v -0.0300 1.0507 -0.2500
v -0.0260 1.0507 -0.2750
v -0.0150 1.0507 -0.2933
v -0.0000 1.0507 -0.3000
v 0.0150 1.0507 -0.2933
v 0.0260 1.0507 -0.2750
v 0.0155 1.0427 -0.2500
v 0.0134 1.0427 -0.2371
v 0.0078 1.0427 -0.2276
v 0.0000 1.0427 -0.2241
v -0.0078 1.0427 -0.2276
v -0.0134 1.0427 -0.2371
v -0.0155 1.0427 -0.2500
v -0.0134 1.0427 -0.2629
v -0.0078 1.0427 -0.2724
v -0.0000 1.0427 -0.2759
v 0.0078 1.0427 -0.2724
v 0.0134 1.0427 -0.2629
v 0.0000 1.0400 -0.2500
v 0.0000 1.0400 -0.2500
v 0.0000 1.0400 -0.2500
v 0.0000 1.0400 -0.2500
v -0.0000 1.0400 -0.2500
v -0.0000 1.0400 -0.2500
v -0.0000 1.0400 -0.2500
v -0.0000 1.0400 -0.2500
v -0.0000 1.0400 -0.2500
v -0.0000 1.0400 -0.2500
v 0.0000 1.0400 -0.2500
v 0.0000 1.0400 -0.2500
v -0.3000 -0.3200 -0.6000
v 0.3000 -0.3200 -0.6000
v 0.3000 -0.2800 -0.6000
v -0.3000 -0.2800 -0.6000
v -0.3000 -0.3200 -0.2000
v 0.3000 -0.3200 -0.2000
v 0.3000 -0.2800 -0.2000
v -0.3000 -0.2800 -0.2000
v -0.3000 -0.3250 -0.6200
v 0.3000 -0.3250 -0.6200
v 0.3000 0.0250 -0.6200
v -0.3000 0.0250 -0.6200
v -0.3000 -0.3250 -0.5800
v 0.3000 -0.3250 -0.5800
v 0.3000 0.0250 -0.5800
v -0.3000 0.0250 -0.5800
v -0.2000 -0.1700 -0.3000
v -0.2000 -0.1700 -0.3000
v -0.2000 -0.1700 -0.3000
v -0.2000 -0.1700 -0.3000
v -0.2000 -0.1700 -0.3000
v -0.2000 -0.1700 -0.3000
v -0.2000 -0.1700 -0.3000
v -0.2000 -0.1700 -0.3000
v -0.2000 -0.1700 -0.3000
v -0.2000 -0.1700 -0.3000
v -0.2000 -0.1700 -0.3000
v -0.2000 -0.1700 -0.3000
v -0.1793 -0.1717 -0.3000
v -0.1821 -0.1717 -0.2806
v -0.1896 -0.1717 -0.2664
v -0.2000 -0.1717 -0.2612
v -0.2104 -0.1717 -0.2664
v -0.2179 -0.1717 -0.2806
v -0.2207 -0.1717 -0.3000
v -0.2179 -0.1717 -0.3194
v -0.2104 -0.1717 -0.3336
v -0.2000 -0.1717 -0.3388
v -0.1896 -0.1717 -0.3336
v -0.1821 -0.1717 -0.3194
v -0.1600 -0.1767 -0.3000
v -0.1654 -0.1767 -0.2625
v -0.1800 -0.1767 -0.2350
v -0.2000 -0.1767 -0.2250
v -0.2200 -0.1767 -0.2350
v -0.2346 -0.1767 -0.2625
v -0.2400 -0.1767 -0.3000
v -0.2346 -0.1767 -0.3375
v -0.2200 -0.1767 -0.3650
v -0.2000 -0.1767 -0.3750
v -0.1800 -0.1767 -0.3650
v -0.1654 -0.1767 -0.3375
v -0.1434 -0.1846 -0.3000
v -0.1510 -0.1846 -0.2470
v -0.1717 -0.1846 -0.2081
v -0.2000 -0.1846 -0.1939
v -0.2283 -0.1846 -0.2081
v -0.2490 -0.1846 -0.2470
v -0.2566 -0.1846 -0.3000
v -0.2490 -0.1846 -0.3530
v -0.2283 -0.1846 -0.3919
v -0.2000 -0.1846 -0.4061
v -0.1717 -0.1846 -0.3919
v -0.1510 -0.1846 -0.3530
v -0.1307 -0.1950 -0.3000
v -0.1400 -0.1950 -0.2350
v -0.1654 -0.1950 -0.1875
v -0.2000 -0.1950 -0.1701
v -0.2346 -0.1950 -0.1875
v -0.2600 -0.1950 -0.2350
v -0.2693 -0.1950 -0.3000
v -0.2600 -0.1950 -0.3650
v -0.2346 -0.1950 -0.4125
v -0.2000 -0.1950 -0.4299
v -0.1654 -0.1950 -0.4125
v -0.1400 -0.1950 -0.3650
v -0.1227 -0.2071 -0.3000
v -0.1331 -0.2071 -0.2276
v -0.1614 -0.2071 -0.1745
v -0.2000 -0.2071 -0.1551
v -0.2386 -0.2071 -0.1745
v -0.2669 -0.2071 -0.2276
v -0.2773 -0.2071 -0.3000
v -0.2669 -0.2071 -0.3724
v -0.2386 -0.2071 -0.4255
v -0.2000 -0.2071 -0.4449
v -0.1614 -0.2071 -0.4255
v -0.1331 -0.2071 -0.3724
v -0.1200 -0.2200 -0.3000
v -0.1307 -0.2200 -0.2250
v -0.1600 -0.2200 -0.1701
v -0.2000 -0.2200 -0.1500
v -0.2400 -0.2200 -0.1701
v -0.2693 -0.2200 -0.2250
v -0.2800 -0.2200 -0.3000
v -0.2693 -0.2200 -0.3750
v -0.2400 -0.2200 -0.4299
v -0.2000 -0.2200 -0.4500
v -0.1600 -0.2200 -0.4299
v -0.1307 -0.2200 -0.3750
v -0.1227 -0.2329 -0.3000
v -0.1331 -0.2329 -0.2276
v -0.1614 -0.2329 -0.1745
v -0.2000 -0.2329 -0.1551
v -0.2386 -0.2329 -0.1745
v -0.2669 -0.2329 -0.2276
v -0.2773 -0.2329 -0.3000
v -0.2669 -0.2329 -0.3724
v -0.2386 -0.2329 -0.4255
v -0.2000 -0.2329 -0.4449
v -0.1614 -0.2329 -0.4255
v -0.1331 -0.2329 -0.3724
v -0.1307 -0.2450 -0.3000
v -0.1400 -0.2450 -0.2350
v -0.1654 -0.2450 -0.1875
v -0.2000 -0.2450 -0.1701
v -0.2346 -0.2450 -0.1875
v -0.2600 -0.2450 -0.2350
v -0.2693 -0.2450 -0.3000
v -0.2600 -0.2450 -0.3650
v -0.2346 -0.2450 -0.4125
v -0.2000 -0.2450 -0.4299
v -0.1654 -0.2450 -0.4125
v -0.1400 -0.2450 -0.3650
v -0.1434 -0.2554 -0.3000
v -0.1510 -0.2554 -0.2470
v -0.1717 -0.2554 -0.2081
v -0.2000 -0.2554 -0.1939
v -0.2283 -0.2554 -0.2081
v -0.2490 -0.2554 -0.2470
v -0.2566 -0.2554 -0.3000
v -0.2490 -0.2554 -0.3530
v -0.2283 -0.2554 -0.3919
v -0.2000 -0.2554 -0.4061
v -0.1717 -0.2554 -0.3919
v -0.1510 -0.2554 -0.3530
v -0.1600 -0.2633 -0.3000
v -0.1654 -0.2633 -0.2625
v -0.1800 -0.2633 -0.2350
v -0.2000 -0.2633 -0.2250
v -0.2200 -0.2633 -0.2350
v -0.2346 -0.2633 -0.2625
v -0.2400 -0.2633 -0.3000
v -0.2346 -0.2633 -0.3375
v -0.2200 -0.2633 -0.3650
v -0.2000 -0.2633 -0.3750
v -0.1800 -0.2633 -0.3650
v -0.1654 -0.2633 -0.3375
v -0.1793 -0.2683 -0.3000
v -0.1821 -0.2683 -0.2806
v -0.1896 -0.2683 -0.2664
v -0.2000 -0.2683 -0.2612
v -0.2104 -0.2683 -0.2664
v -0.2179 -0.2683 -0.2806
v -0.2207 -0.2683 -0.3000
v -0.2179 -0.2683 -0.3194
v -0.2104 -0.2683 -0.3336
v -0.2000 -0.2683 -0.3388
v -0.1896 -0.2683 -0.3336
v -0.1821 -0.2683 -0.3194
v -0.2000 -0.2700 -0.3000
v -0.2000 -0.2700 -0.3000
v -0.2000 -0.2700 -0.3000
v -0.2000 -0.2700 -0.3000
v -0.2000 -0.2700 -0.3000
v -0.2000 -0.2700 -0.3000
v -0.2000 -0.2700 -0.3000
v -0.2000 -0.2700 -0.3000
v -0.2000 -0.2700 -0.3000
v -0.2000 -0.2700 -0.3000
v -0.2000 -0.2700 -0.3000
v -0.2000 -0.2700 -0.3000
v 0.2000 -0.1700 -0.3000
v 0.2000 -0.1700 -0.3000
v 0.2000 -0.1700 -0.3000
v 0.2000 -0.1700 -0.3000
v 0.2000 -0.1700 -0.3000
v 0.2000 -0.1700 -0.3000
v 0.2000 -0.1700 -0.3000
v 0.2000 -0.1700 -0.3000
v 0.2000 -0.1700 -0.3000
v 0.2000 -0.1700 -0.3000
v 0.2000 -0.1700 -0.3000
v 0.2000 -0.1700 -0.3000
v 0.2207 -0.1717 -0.3000
v 0.2179 -0.1717 -0.2806
v 0.2104 -0.1717 -0.2664
v 0.2000 -0.1717 -0.2612
v 0.1896 -0.1717 -0.2664
v 0.1821 -0.1717 -0.2806
v 0.1793 -0.1717 -0.3000
v 0.1821 -0.1717 -0.3194
v 0.1896 -0.1717 -0.3336
v 0.2000 -0.1717 -0.3388
v 0.2104 -0.1717 -0.3336
v 0.2179 -0.1717 -0.3194
v 0.2400 -0.1767 -0.3000
v 0.2346 -0.1767 -0.2625
v 0.2200 -0.1767 -0.2350
v 0.2000 -0.1767 -0.2250
v 0.1800 -0.1767 -0.2350
v 0.1654 -0.1767 -0.2625
v 0.1600 -0.1767 -0.3000
v 0.1654 -0.1767 -0.3375
v 0.1800 -0.1767 -0.3650
v 0.2000 -0.1767 -0.3750
v 0.2200 -0.1767 -0.3650
v 0.2346 -0.1767 -0.3375
v 0.2566 -0.1846 -0.3000
v 0.2490 -0.1846 -0.2470
v 0.2283 -0.1846 -0.2081
v 0.2000 -0.1846 -0.1939
v 0.1717 -0.1846 -0.2081
v 0.1510 -0.1846 -0.2470
v 0.1434 -0.1846 -0.3000
v 0.1510 -0.1846 -0.3530
v 0.1717 -0.1846 -0.3919
v 0.2000 -0.1846 -0.4061
v 0.2283 -0.1846 -0.3919
v 0.2490 -0.1846 -0.3530
v 0.2693 -0.1950 -0.3000
v 0.2600 -0.1950 -0.2350
v 0.2346 -0.1950 -0.1875
v 0.2000 -0.1950 -0.1701
v 0.1654 -0.1950 -0.1875
v 0.1400 -0.1950 -0.2350
v 0.1307 -0.1950 -0.3000
v 0.1400 -0.1950 -0.3650
v 0.1654 -0.1950 -0.4125
v 0.2000 -0.1950 -0.4299
v 0.2346 -0.1950 -0.4125
v 0.2600 -0.1950 -0.3650
v 0.2773 -0.2071 -0.3000
v 0.2669 -0.2071 -0.2276
v 0.2386 -0.2071 -0.1745
v 0.2000 -0.2071 -0.1551
v 0.1614 -0.2071 -0.1745
v 0.1331 -0.2071 -0.2276
v 0.1227 -0.2071 -0.3000
v 0.1331 -0.2071 -0.3724
v 0.1614 -0.2071 -0.4255
v 0.2000 -0.2071 -0.4449
v 0.2386 -0.2071 -0.4255
v 0.2669 -0.2071 -0.3724
v 0.2800 -0.2200 -0.3000
v 0.2693 -0.2200 -0.2250
v 0.2400 -0.2200 -0.1701
v 0.2000 -0.2200 -0.1500
v 0.1600 -0.2200 -0.1701
v 0.1307 -0.2200 -0.2250
v 0.1200 -0.2200 -0.3000
v 0.1307 -0.2200 -0.3750
v 0.1600 -0.2200 -0.4299
v 0.2000 -0.2200 -0.4500
v 0.2400 -0.2200 -0.4299
v 0.2693 -0.2200 -0.3750
v 0.2773 -0.2329 -0.3000
v 0.2669 -0.2329 -0.2276
v 0.2386 -0.2329 -0.1745
v 0.2000 -0.2329 -0.1551
v 0.1614 -0.2329 -0.1745
v 0.1331 -0.2329 -0.2276
v 0.1227 -0.2329 -0.3000
v 0.1331 -0.2329 -0.3724
v 0.1614 -0.2329 -0.4255
v 0.2000 -0.2329 -0.4449
v 0.2386 -0.2329 -0.4255
v 0.2669 -0.2329 -0.3724
v 0.2693 -0.2450 -0.3000
v 0.2600 -0.2450 -0.2350
v 0.2346 -0.2450 -0.1875
v 0.2000 -0.2450 -0.1701
v 0.1654 -0.2450 -0.1875
v 0.1400 -0.2450 -0.2350
v 0.1307 -0.2450 -0.3000
v 0.1400 -0.2450 -0.3650
v 0.1654 -0.2450 -0.4125
v 0.2000 -0.2450 -0.4299
v 0.2346 -0.2450 -0.4125
v 0.2600 -0.2450 -0.3650
v 0.2566 -0.2554 -0.3000
v 0.2490 -0.2554 -0.2470
v 0.2283 -0.2554 -0.2081
v 0.2000 -0.2554 -0.1939
v 0.1717 -0.2554 -0.2081
v 0.1510 -0.2554 -0.2470
v 0.1434 -0.2554 -0.3000
v 0.1510 -0.2554 -0.3530
v 0.1717 -0.2554 -0.3919
v 0.2000 -0.2554 -0.4061
v 0.2283 -0.2554 -0.3919
v 0.2490 -0.2554 -0.3530
v 0.2400 -0.2633 -0.3000
v 0.2346 -0.2633 -0.2625
v 0.2200 -0.2633 -0.2350
v 0.2000 -0.2633 -0.2250
v 0.1800 -0.2633 -0.2350
v 0.1654 -0.2633 -0.2625
v 0.1600 -0.2633 -0.3000
v 0.1654 -0.2633 -0.3375
v 0.1800 -0.2633 -0.3650
v 0.2000 -0.2633 -0.3750
v 0.2200 -0.2633 -0.3650
v 0.2346 -0.2633 -0.3375
v 0.2207 -0.2683 -0.3000
v 0.2179 -0.2683 -0.2806
v 0.2104 -0.2683 -0.2664
v 0.2000 -0.2683 -0.2612
v 0.1896 -0.2683 -0.2664
v 0.1821 -0.2683 -0.2806
v 0.1793 -0.2683 -0.3000
v 0.1821 -0.2683 -0.3194
v 0.1896 -0.2683 -0.3336
v 0.2000 -0.2683 -0.3388
v 0.2104 -0.2683 -0.3336
v 0.2179 -0.2683 -0.3194
v 0.2000 -0.2700 -0.3000
v 0.2000 -0.2700 -0.3000
v 0.2000 -0.2700 -0.3000
v 0.2000 -0.2700 -0.3000
v 0.2000 -0.2700 -0.3000
v 0.2000 -0.2700 -0.3000
v 0.2000 -0.2700 -0.3000
v 0.2000 -0.2700 -0.3000
v 0.2000 -0.2700 -0.3000
v 0.2000 -0.2700 -0.3000
v 0.2000 -0.2700 -0.3000
v 0.2000 -0.2700 -0.3000
v 0.9600 0.4600 -0.1200
v 1.0400 0.4600 -0.1200
v 1.0400 0.5400 -0.1200
v 0.9600 0.5400 -0.1200
v 0.9600 0.4600 -0.0800
v 1.0400 0.4600 -0.0800
v 1.0400 0.5400 -0.0800
v 0.9600 0.5400 -0.0800
v 0.9381 0.6679 -0.1200
v 1.0181 0.6679 -0.1200
v 1.0181 0.7479 -0.1200
v 0.9381 0.7479 -0.1200
v 0.9381 0.6679 -0.0800
v 1.0181 0.6679 -0.0800
v 1.0181 0.7479 -0.0800
v 0.9381 0.7479 -0.0800
v 0.8735 0.8667 -0.1200
v 0.9535 0.8667 -0.1200
v 0.9535 0.9467 -0.1200
v 0.8735 0.9467 -0.1200
v 0.8735 0.8667 -0.0800
v 0.9535 0.8667 -0.0800
v 0.9535 0.9467 -0.0800
v 0.8735 0.9467 -0.0800
v 0.7690 1.0478 -0.1200
v 0.8490 1.0478 -0.1200
v 0.8490 1.1278 -0.1200
v 0.7690 1.1278 -0.1200
v 0.7690 1.0478 -0.0800
v 0.8490 1.0478 -0.0800
v 0.8490 1.1278 -0.0800
v 0.7690 1.1278 -0.0800
v 0.6291 1.2031 -0.1200
v 0.7091 1.2031 -0.1200
v 0.7091 1.2831 -0.1200
v 0.6291 1.2831 -0.1200
v 0.6291 1.2031 -0.0800
v 0.7091 1.2031 -0.0800
v 0.7091 1.2831 -0.0800
v 0.6291 1.2831 -0.0800
v 0.4600 1.3260 -0.1200
v 0.5400 1.3260 -0.1200
v 0.5400 1.4060 -0.1200
v 0.4600 1.4060 -0.1200
v 0.4600 1.3260 -0.0800
v 0.5400 1.3260 -0.0800
v 0.5400 1.4060 -0.0800
v 0.4600 1.4060 -0.0800
v 0.2690 1.4111 -0.1200
v 0.3490 1.4111 -0.1200
v 0.3490 1.4911 -0.1200
v 0.2690 1.4911 -0.1200
v 0.2690 1.4111 -0.0800
v 0.3490 1.4111 -0.0800
v 0.3490 1.4911 -0.0800
v 0.2690 1.4911 -0.0800
v 0.0645 1.4545 -0.1200
v 0.1445 1.4545 -0.1200
v 0.1445 1.5345 -0.1200
v 0.0645 1.5345 -0.1200
v 0.0645 1.4545 -0.0800
v 0.1445 1.4545 -0.0800
v 0.1445 1.5345 -0.0800
v 0.0645 1.5345 -0.0800
v -0.1445 1.4545 -0.1200
v -0.0645 1.4545 -0.1200
v -0.0645 1.5345 -0.1200
v -0.1445 1.5345 -0.1200
v -0.1445 1.4545 -0.0800
v -0.0645 1.4545 -0.0800
v -0.0645 1.5345 -0.0800
v -0.1445 1.5345 -0.0800
v -0.3490 1.4111 -0.1200
v -0.2690 1.4111 -0.1200
v -0.2690 1.4911 -0.1200
v -0.3490 1.4911 -0.1200
v -0.3490 1.4111 -0.0800
v -0.2690 1.4111 -0.0800
v -0.2690 1.4911 -0.0800
v -0.3490 1.4911 -0.0800
v -0.5400 1.3260 -0.1200
v -0.4600 1.3260 -0.1200
v -0.4600 1.4060 -0.1200
v -0.5400 1.4060 -0.1200
v -0.5400 1.3260 -0.0800
v -0.4600 1.3260 -0.0800
v -0.4600 1.4060 -0.0800
v -0.5400 1.4060 -0.0800
v -0.7091 1.2031 -0.1200
v -0.6291 1.2031 -0.1200
v -0.6291 1.2831 -0.1200
v -0.7091 1.2831 -0.1200
v -0.7091 1.2031 -0.0800
v -0.6291 1.2031 -0.0800
v -0.6291 1.2831 -0.0800
v -0.7091 1.2831 -0.0800
v -0.8490 1.0478 -0.1200
v -0.7690 1.0478 -0.1200
v -0.7690 1.1278 -0.1200
v -0.8490 1.1278 -0.1200
v -0.8490 1.0478 -0.0800
v -0.7690 1.0478 -0.0800
v -0.7690 1.1278 -0.0800
v -0.8490 1.1278 -0.0800
v -0.9535 0.8667 -0.1200
v -0.8735 0.8667 -0.1200
v -0.8735 0.9467 -0.1200
v -0.9535 0.9467 -0.1200
v -0.9535 0.8667 -0.0800
v -0.8735 0.8667 -0.0800
v -0.8735 0.9467 -0.0800
v -0.9535 0.9467 -0.0800
v -1.0181 0.6679 -0.1200
v -0.9381 0.6679 -0.1200
v -0.9381 0.7479 -0.1200
v -1.0181 0.7479 -0.1200
v -1.0181 0.6679 -0.0800
v -0.9381 0.6679 -0.0800
v -0.9381 0.7479 -0.0800
v -1.0181 0.7479 -0.0800
v -1.0400 0.4600 -0.1200
v -0.9600 0.4600 -0.1200
v -0.9600 0.5400 -0.1200
v -1.0400 0.5400 -0.1200
v -1.0400 0.4600 -0.0800
v -0.9600 0.4600 -0.0800
v -0.9600 0.5400 -0.0800
v -1.0400 0.5400 -0.0800
v -1.0181 0.2521 -0.1200
v -0.9381 0.2521 -0.1200
v -0.9381 0.3321 -0.1200
v -1.0181 0.3321 -0.1200
v -1.0181 0.2521 -0.0800
v -0.9381 0.2521 -0.0800
v -0.9381 0.3321 -0.0800
v -1.0181 0.3321 -0.0800
v -0.9535 0.0533 -0.1200
v -0.8735 0.0533 -0.1200
v -0.8735 0.1333 -0.1200
v -0.9535 0.1333 -0.1200
v -0.9535 0.0533 -0.0800
v -0.8735 0.0533 -0.0800
v -0.8735 0.1333 -0.0800
v -0.9535 0.1333 -0.0800
v -0.8490 -0.1278 -0.1200
v -0.7690 -0.1278 -0.1200
v -0.7690 -0.0478 -0.1200
v -0.8490 -0.0478 -0.1200
v -0.8490 -0.1278 -0.0800
v -0.7690 -0.1278 -0.0800
v -0.7690 -0.0478 -0.0800
v -0.8490 -0.0478 -0.0800
v -0.7091 -0.2831 -0.1200
v -0.6291 -0.2831 -0.1200
v -0.6291 -0.2031 -0.1200
v -0.7091 -0.2031 -0.1200
v -0.7091 -0.2831 -0.0800
v -0.6291 -0.2831 -0.0800
v -0.6291 -0.2031 -0.0800
v -0.7091 -0.2031 -0.0800
v -0.5400 -0.4060 -0.1200
v -0.4600 -0.4060 -0.1200
v -0.4600 -0.3260 -0.1200
v -0.5400 -0.3260 -0.1200
v -0.5400 -0.4060 -0.0800
v -0.4600 -0.4060 -0.0800
v -0.4600 -0.3260 -0.0800
v -0.5400 -0.3260 -0.0800
v -0.3490 -0.4911 -0.1200
v -0.2690 -0.4911 -0.1200
v -0.2690 -0.4111 -0.1200
v -0.3490 -0.4111 -0.1200
v -0.3490 -0.4911 -0.0800
v -0.2690 -0.4911 -0.0800
v -0.2690 -0.4111 -0.0800
v -0.3490 -0.4111 -0.0800
v -0.1445 -0.5345 -0.1200
v -0.0645 -0.5345 -0.1200
v -0.0645 -0.4545 -0.1200
v -0.1445 -0.4545 -0.1200
v -0.1445 -0.5345 -0.0800
v -0.0645 -0.5345 -0.0800
v -0.0645 -0.4545 -0.0800
v -0.1445 -0.4545 -0.0800
v 0.0645 -0.5345 -0.1200
v 0.1445 -0.5345 -0.1200
v 0.1445 -0.4545 -0.1200
v 0.0645 -0.4545 -0.1200
v 0.0645 -0.5345 -0.0800
v 0.1445 -0.5345 -0.0800
v 0.1445 -0.4545 -0.0800
v 0.0645 -0.4545 -0.0800
v 0.2690 -0.4911 -0.1200
v 0.3490 -0.4911 -0.1200
v 0.3490 -0.4111 -0.1200
v 0.2690 -0.4111 -0.1200
v 0.2690 -0.4911 -0.0800
v 0.3490 -0.4911 -0.0800
v 0.3490 -0.4111 -0.0800
v 0.2690 -0.4111 -0.0800
v 0.4600 -0.4060 -0.1200
v 0.5400 -0.4060 -0.1200
v 0.5400 -0.3260 -0.1200
v 0.4600 -0.3260 -0.1200
v 0.4600 -0.4060 -0.0800
v 0.5400 -0.4060 -0.0800
v 0.5400 -0.3260 -0.0800
v 0.4600 -0.3260 -0.0800
v 0.6291 -0.2831 -0.1200
v 0.7091 -0.2831 -0.1200
v 0.7091 -0.2031 -0.1200
v 0.6291 -0.2031 -0.1200
v 0.6291 -0.2831 -0.0800
v 0.7091 -0.2831 -0.0800
v 0.7091 -0.2031 -0.0800
v 0.6291 -0.2031 -0.0800
v 0.7690 -0.1278 -0.1200
v 0.8490 -0.1278 -0.1200
v 0.8490 -0.0478 -0.1200
v 0.7690 -0.0478 -0.1200
v 0.7690 -0.1278 -0.0800
v 0.8490 -0.1278 -0.0800
v 0.8490 -0.0478 -0.0800
v 0.7690 -0.0478 -0.0800
v 0.8735 0.0533 -0.1200
v 0.9535 0.0533 -0.1200
v 0.9535 0.1333 -0.1200
v 0.8735 0.1333 -0.1200
v 0.8735 0.0533 -0.0800
v 0.9535 0.0533 -0.0800
v 0.9535 0.1333 -0.0800
v 0.8735 0.1333 -0.0800
v 0.9381 0.2521 -0.1200
v 1.0181 0.2521 -0.1200
v 1.0181 0.3321 -0.1200
v 0.9381 0.3321 -0.1200
v 0.9381 0.2521 -0.0800
v 1.0181 0.2521 -0.0800
v 1.0181 0.3321 -0.0800
v 0.9381 0.3321 -0.0800
usemtl Blue
f 1 2 14 13
f 2 3 15 14
f 3 4 16 15
f 4 5 17 16
f 5 6 18 17
f 6 7 19 18
f 7 8 20 19
f 8 9 21 20
f 9 10 22 21
f 10 11 23 22
f 11 12 24 23
f 12 1 13 24
f 13 14 26 25
f 14 15 27 26
f 15 16 28 27
f 16 17 29 28
f 17 18 30 29
f 18 19 31 30
f 19 20 32 31
f 20 21 33 32
f 21 22 34 33
f 22 23 35 34
f 23 24 36 35
f 24 13 25 36
f 25 26 38 37
f 26 27 39 38
f 27 28 40 39
f 28 29 41 40
f 29 30 42 41
f 30 31 43 42
f 31 32 44 43
f 32 33 45 44
f 33 34 46 45
f 34 35 47 46
f 35 36 48 47
f 36 25 37 48
f 37 38 50 49
f 38 39 51 50
f 39 40 52 51
f 40 41 53 52
f 41 42 54 53
f 42 43 55 54
f 43 44 56 55
f 44 45 57 56
f 45 46 58 57
f 46 47 59 58
f 47 48 60 59
f 48 37 49 60
f 49 50 62 61
f 50 51 63 62
f 51 52 64 63
f 52 53 65 64
f 53 54 66 65
f 54 55 67 66
f 55 56 68 67
f 56 57 69 68
f 57 58 70 69
f 58 59 71 70
f 59 60 72 71
f 60 49 61 72
f 61 62 74 73
f 62 63 75 74
f 63 64 76 75
f 64 65 77 76
f 65 66 78 77
f 66 67 79 78
f 67 68 80 79
f 68 69 81 80
f 69 70 82 81
f 70 71 83 82
f 71 72 84 83
f 72 61 73 84
f 73 74 86 85
f 74 75 87 86
f 75 76 88 87
f 76 77 89 88
f 77 78 90 89
f 78 79 91 90
f 79 80 92 91
f 80 81 93 92
f 81 82 94 93
f 82 83 95 94
f 83 84 96 95
f 84 73 85 96
f 85 86 98 97
f 86 87 99 98
f 87 88 100 99
f 88 89 101 100
f 89 90 102 101
f 90 91 103 102
f 91 92 104 103
f 92 93 105 104
f 93 94 106 105
f 94 95 107 106
f 95 96 108 107
f 96 85 97 108
f 97 98 110 109
f 98 99 111 110
f 99 100 112 111
f 100 101 113 112
f 101 102 114 113
f 102 103 115 114
f 103 104 116 115
f 104 105 117 116
f 105 106 118 117
f 106 107 119 118
f 107 108 120 119
f 108 97 109 120
f 109 110 122 121
f 110 111 123 122
f 111 112 124 123
f 112 113 125 124
f 113 114 126 125
f 114 115 127 126
f 115 116 128 127
f 116 117 129 128
f 117 118 130 129
f 118 119 131 130
f 119 120 132 131
f 120 109 121 132
f 121 122 134 133
f 122 123 135 134
f 123 124 136 135
f 124 125 137 136
f 125 126 138 137
f 126 127 139 138
f 127 128 140 139
f 128 129 141 140
f 129 130 142 141
f 130 131 143 142
f 131 132 144 143
f 132 121 133 144
f 133 134 146 145
f 134 135 147 146
f 135 136 148 147
f 136 137 149 148
f 137 138 150 149
f 138 139 151 150
f 139 140 152 151
f 140 141 153 152
f 141 142 154 153
f 142 143 155 154
f 143 144 156 155
f 144 133 145 156
usemtl Pink
f 157 158 170 169
f 158 159 171 170
f 159 160 172 171
f 160 161 173 172
f 161 162 174 173
f 162 163 175 174
f 163 164 176 175
f 164 165 177 176
f 165 166 178 177
f 166 167 179 178
f 167 168 180 179
f 168 157 169 180
f 169 170 182 181
f 170 171 183 182
f 171 172 184 183
f 172 173 185 184
f 173 174 186 185
f 174 175 187 186
f 175 176 188 187
f 176 177 189 188
f 177 178 190 189
f 178 179 191 190
f 179 180 192 191
f 180 169 181 192
f 181 182 194 193
f 182 183 195 194
f 183 184 196 195
f 184 185 197 196
f 185 186 198 197
f 186 187 199 198
f 187 188 200 199
f 188 189 201 200
f 189 190 202 201
f 190 191 203 202
f 191 192 204 203
f 192 181 193 204
f 193 194 206 205
f 194 195 207 206
f 195 196 208 207
f 196 197 209 208
f 197 198 210 209
f 198 199 211 210
f 199 200 212 211
f 200 201 213 212
f 201 202 214 213
f 202 203 215 214
f 203 204 216 215
f 204 193 205 216
f 205 206 218 217
f 206 207 219 218
f 207 208 220 219
f 208 209 221 220
f 209 210 222 221
f 210 211 223 222
f 211 212 224 223
f 212 213 225 224
f 213 214 226 225
f 214 215 227 226
f 215 216 228 227
f 216 205 217 228
f 217 218 230 229
f 218 219 231 230
f 219 220 232 231
f 220 221 233 232
f 221 222 234 233
f 222 223 235 234
f 223 224 236 235
f 224 225 237 236
f 225 226 238 237
f 226 227 239 238
f 227 228 240 239
f 228 217 229 240
f 229 230 242 241
f 230 231 243 242
f 231 232 244 243
f 232 233 245 244
f 233 234 246 245
f 234 235 247 246
f 235 236 248 247
f 236 237 249 248
f 237 238 250 249
f 238 239 251 250
f 239 240 252 251
f 240 229 241 252
f 241 242 254 253
f 242 243 255 254
f 243 244 256 255
f 244 245 257 256
f 245 246 258 257
f 246 247 259 258
f 247 248 260 259
f 248 249 261 260
f 249 250 262 261
f 250 251 263 262
f 251 252 264 263
f 252 241 253 264
f 253 254 266 265
f 254 255 267 266
f 255 256 268 267
f 256 257 269 268
f 257 258 270 269
f 258 259 271 270
f 259 260 272 271
f 260 261 273 272
f 261 262 274 273
f 262 263 275 274
f 263 264 276 275
f 264 253 265 276
f 265 266 278 277
f 266 267 279 278
f 267 268 280 279
f 268 269 281 280
f 269 270 282 281
f 270 271 283 282
f 271 272 284 283
f 272 273 285 284
f 273 274 286 285
f 274 275 287 286
f 275 276 288 287
f 276 265 277 288
f 277 278 290 289
f 278 279 291 290
f 279 280 292 291
f 280 281 293 292
f 281 282 294 293
f 282 283 295 294
f 283 284 296 295
f 284 285 297 296
f 285 286 298 297
f 286 287 299 298
f 287 288 300 299
f 288 277 289 300
f 289 290 302 301
f 290 291 303 302
f 291 292 304 303
f 292 293 305 304
f 293 294 306 305
f 294 295 307 306
f 295 296 308 307
f 296 297 309 308
f 297 298 310 309
f 298 299 311 310
f 299 300 312 311
f 300 289 301 312
f 313 314 326 325
f 314 315 327 326
f 315 316 328 327
f 316 317 329 328
f 317 318 330 329
f 318 319 331 330
f 319 320 332 331
f 320 321 333 332
f 321 322 334 333
f 322 323 335 334
f 323 324 336 335
f 324 313 325 336
f 325 326 338 337
f 326 327 339 338
f 327 328 340 339
f 328 329 341 340
f 329 330 342 341
f 330 331 343 342
f 331 332 344 343
f 332 333 345 344
f 333 334 346 345
f 334 335 347 346
f 335 336 348 347
f 336 325 337 348
f 337 338 350 349
f 338 339 351 350
f 339 340 352 351
f 340 341 353 352
f 341 342 354 353
f 342 343 355 354
f 343 344 356 355
f 344 345 357 356
f 345 346 358 357
f 346 347 359 358
f 347 348 360 359
f 348 337 349 360
f 349 350 362 361
f 350 351 363 362
f 351 352 364 363
f 352 353 365 364
f 353 354 366 365
f 354 355 367 366
f 355 356 368 367
f 356 357 369 368
f 357 358 370 369
f 358 359 371 370
f 359 360 372 371
f 360 349 361 372
f 361 362 374 373
f 362 363 375 374
f 363 364 376 375
f 364 365 377 376
f 365 366 378 377
f 366 367 379 378
f 367 368 380 379
f 368 369 381 380
f 369 370 382 381
f 370 371 383 382
f 371 372 384 383
f 372 361 373 384
f 373 374 386 385
f 374 375 387 386
f 375 376 388 387
f 376 377 389 388
f 377 378 390 389
f 378 379 391 390
f 379 380 392 391
f 380 381 393 392
f 381 382 394 393
f 382 383 395 394
f 383 384 396 395
f 384 373 385 396
f 385 386 398 397
f 386 387 399 398
f 387 388 400 399
f 388 389 401 400
f 389 390 402 401
f 390 391 403 402
f 391 392 404 403
f 392 393 405 404
f 393 394 406 405
f 394 395 407 406
f 395 396 408 407
f 396 385 397 408
f 397 398 410 409
f 398 399 411 410
f 399 400 412 411
f 400 401 413 412
f 401 402 414 413
f 402 403 415 414
f 403 404 416 415
f 404 405 417 416
f 405 406 418 417
f 406 407 419 418
f 407 408 420 419
f 408 397 409 420
f 409 410 422 421
f 410 411 423 422
f 411 412 424 423
f 412 413 425 424
f 413 414 426 425
f 414 415 427 426
f 415 416 428 427
f 416 417 429 428
f 417 418 430 429
f 418 419 431 430
f 419 420 432 431
f 420 409 421 432
f 421 422 434 433
f 422 423 435 434
f 423 424 436 435
f 424 425 437 436
f 425 426 438 437
f 426 427 439 438
f 427 428 440 439
f 428 429 441 440
f 429 430 442 441
f 430 431 443 442
f 431 432 444 443
f 432 421 433 444
f 433 434 446 445
f 434 435 447 446
f 435 436 448 447
f 436 437 449 448
f 437 438 450 449
f 438 439 451 450
f 439 440 452 451
f 440 441 453 452
f 441 442 454 453
f 442 443 455 454
f 443 444 456 455
f 444 433 445 456
f 445 446 458 457
f 446 447 459 458
f 447 448 460 459
f 448 449 461 460
f 449 450 462 461
f 450 451 463 462
f 451 452 464 463
f 452 453 465 464
f 453 454 466 465
f 454 455 467 466
f 455 456 468 467
f 456 445 457 468
f 469 470 482 481
f 470 471 483 482
f 471 472 484 483
f 472 473 485 484
f 473 474 486 485
f 474 475 487 486
f 475 476 488 487
f 476 477 489 488
f 477 478 490 489
f 478 479 491 490
f 479 480 492 491
f 480 469 481 492
f 481 482 494 493
f 482 483 495 494
f 483 484 496 495
f 484 485 497 496
f 485 486 498 497
f 486 487 499 498
f 487 488 500 499
f 488 489 501 500
f 489 490 502 501
f 490 491 503 502
f 491 492 504 503
f 492 481 493 504
f 493 494 506 505
f 494 495 507 506
f 495 496 508 507
f 496 497 509 508
f 497 498 510 509
f 498 499 511 510
f 499 500 512 511
f 500 501 513 512
f 501 502 514 513
f 502 503 515 514
f 503 504 516 515
f 504 493 505 516
f 505 506 518 517
f 506 507 519 518
f 507 508 520 519
f 508 509 521 520
f 509 510 522 521
f 510 511 523 522
f 511 512 524 523
f 512 513 525 524
f 513 514 526 525
f 514 515 527 526
f 515 516 528 527
f 516 505 517 528
f 517 518 530 529
f 518 519 531 530
f 519 520 532 531
f 520 521 533 532
f 521 522 534 533
f 522 523 535 534
f 523 524 536 535
f 524 525 537 536
f 525 526 538 537
f 526 527 539 538
f 527 528 540 539
f 528 517 529 540
f 529 530 542 541
f 530 531 543 542
f 531 532 544 543
f 532 533 545 544
f 533 534 546 545
f 534 535 547 546
f 535 536 548 547
f 536 537 549 548
f 537 538 550 549
f 538 539 551 550
f 539 540 552 551
f 540 529 541 552
f 541 542 554 553
f 542 543 555 554
f 543 544 556 555
f 544 545 557 556
f 545 546 558 557
f 546 547 559 558
f 547 548 560 559
f 548 549 561 560
f 549 550 562 561
f 550 551 563 562
f 551 552 564 563
f 552 541 553 564
f 553 554 566 565
f 554 555 567 566
f 555 556 568 567
f 556 557 569 568
f 557 558 570 569
f 558 559 571 570
f 559 560 572 571
f 560 561 573 572
f 561 562 574 573
f 562 563 575 574
f 563 564 576 575
f 564 553 565 576
f 565 566 578 577
f 566 567 579 578
f 567 568 580 579
f 568 569 581 580
f 569 570 582 581
f 570 571 583 582
f 571 572 584 583
f 572 573 585 584
f 573 574 586 585
f 574 575 587 586
f 575 576 588 587
f 576 565 577 588
f 577 578 590 589
f 578 579 591 590
f 579 580 592 591
f 580 581 593 592
f 581 582 594 593
f 582 583 595 594
f 583 584 596 595
f 584 585 597 596
f 585 586 598 597
f 586 587 599 598
f 587 588 600 599
f 588 577 589 600
f 589 590 602 601
f 590 591 603 602
f 591 592 604 603
f 592 593 605 604
f 593 594 606 605
f 594 595 607 606
f 595 596 608 607
f 596 597 609 608
f 597 598 610 609
f 598 599 611 610
f 599 600 612 611
f 600 589 601 612
f 601 602 614 613
f 602 603 615 614
f 603 604 616 615
f 604 605 617 616
f 605 606 618 617
f 606 607 619 618
f 607 608 620 619
f 608 609 621 620
f 609 610 622 621
f 610 611 623 622
f 611 612 624 623
f 612 601 613 624
f 625 626 638 637
f 626 627 639 638
f 627 628 640 639
f 628 629 641 640
f 629 630 642 641
f 630 631 643 642
f 631 632 644 643
f 632 633 645 644
f 633 634 646 645
f 634 635 647 646
f 635 636 648 647
f 636 625 637 648
f 637 638 650 649
f 638 639 651 650
f 639 640 652 651
f 640 641 653 652
f 641 642 654 653
f 642 643 655 654
f 643 644 656 655
f 644 645 657 656
f 645 646 658 657
f 646 647 659 658
f 647 648 660 659
f 648 637 649 660
f 649 650 662 661
f 650 651 663 662
f 651 652 664 663
f 652 653 665 664
f 653 654 666 665
f 654 655 667 666
f 655 656 668 667
f 656 657 669 668
f 657 658 670 669
f 658 659 671 670
f 659 660 672 671
f 660 649 661 672
f 661 662 674 673
f 662 663 675 674
f 663 664 676 675
f 664 665 677 676
f 665 666 678 677
f 666 667 679 678
f 667 668 680 679
f 668 669 681 680
f 669 670 682 681
f 670 671 683 682
f 671 672 684 683
f 672 661 673 684
f 673 674 686 685
f 674 675 687 686
f 675 676 688 687
f 676 677 689 688
f 677 678 690 689
f 678 679 691 690
f 679 680 692 691
f 680 681 693 692
f 681 682 694 693
f 682 683 695 694
f 683 684 696 695
f 684 673 685 696
f 685 686 698 697
f 686 687 699 698
f 687 688 700 699
f 688 689 701 700
f 689 690 702 701
f 690 691 703 702
f 691 692 704 703
f 692 693 705 704
f 693 694 706 705
f 694 695 707 706
f 695 696 708 707
f 696 685 697 708
f 697 698 710 709
f 698 699 711 710
f 699 700 712 711
f 700 701 713 712
f 701 702 714 713
f 702 703 715 714
f 703 704 716 715
f 704 705 717 716
f 705 706 718 717
f 706 707 719 718
f 707 708 720 719
f 708 697 709 720
f 709 710 722 721
f 710 711 723 722
f 711 712 724 723
f 712 713 725 724
f 713 714 726 725
f 714 715 727 726
f 715 716 728 727
f 716 717 729 728
f 717 718 730 729
f 718 719 731 730
f 719 720 732 731
f 720 709 721 732
f 721 722 734 733
f 722 723 735 734
f 723 724 736 735
f 724 725 737 736
f 725 726 738 737
f 726 727 739 738
f 727 728 740 739
f 728 729 741 740
f 729 730 742 741
f 730 731 743 742
f 731 732 744 743
f 732 721 733 744
f 733 734 746 745
f 734 735 747 746
f 735 736 748 747
f 736 737 749 748
f 737 738 750 749
f 738 739 751 750
f 739 740 752 751
f 740 741 753 752
f 741 742 754 753
f 742 743 755 754
f 743 744 756 755
f 744 733 745 756
f 745 746 758 757
f 746 747 759 758
f 747 748 760 759
f 748 749 761 760
f 749 750 762 761
f 750 751 763 762
f 751 752 764 763
f 752 753 765 764
f 753 754 766 765
f 754 755 767 766
f 755 756 768 767
f 756 745 757 768
f 757 758 770 769
f 758 759 771 770
f 759 760 772 771
f 760 761 773 772
f 761 762 774 773
f 762 763 775 774
f 763 764 776 775
f 764 765 777 776
f 765 766 778 777
f 766 767 779 778
f 767 768 780 779
f 768 757 769 780
f 781 782 794 793
f 782 783 795 794
f 783 784 796 795
f 784 785 797 796
f 785 786 798 797
f 786 787 799 798
f 787 788 800 799
f 788 789 801 800
f 789 790 802 801
f 790 791 803 802
f 791 792 804 803
f 792 781 793 804
f 793 794 806 805
f 794 795 807 806
f 795 796 808 807
f 796 797 809 808
f 797 798 810 809
f 798 799 811 810
f 799 800 812 811
f 800 801 813 812
f 801 802 814 813
f 802 803 815 814
f 803 804 816 815
f 804 793 805 816
f 805 806 818 817
f 806 807 819 818
f 807 808 820 819
f 808 809 821 820
f 809 810 822 821
f 810 811 823 822
f 811 812 824 823
f 812 813 825 824
f 813 814 826 825
f 814 815 827 826
f 815 816 828 827
f 816 805 817 828
f 817 818 830 829
f 818 819 831 830
f 819 820 832 831
f 820 821 833 832
f 821 822 834 833
f 822 823 835 834
f 823 824 836 835
f 824 825 837 836
f 825 826 838 837
f 826 827 839 838
f 827 828 840 839
f 828 817 829 840
f 829 830 842 841
f 830 831 843 842
f 831 832 844 843
f 832 833 845 844
f 833 834 846 845
f 834 835 847 846
f 835 836 848 847
f 836 837 849 848
f 837 838 850 849
f 838 839 851 850
f 839 840 852 851
f 840 829 841 852
f 841 842 854 853
f 842 843 855 854
f 843 844 856 855
f 844 845 857 856
f 845 846 858 857
f 846 847 859 858
f 847 848 860 859
f 848 849 861 860
f 849 850 862 861
f 850 851 863 862
f 851 852 864 863
f 852 841 853 864
f 853 854 866 865
f 854 855 867 866
f 855 856 868 867
f 856 857 869 868
f 857 858 870 869
f 858 859 871 870
f 859 860 872 871
f 860 861 873 872
f 861 862 874 873
f 862 863 875 874
f 863 864 876 875
f 864 853 865 876
f 865 866 878 877
f 866 867 879 878
f 867 868 880 879
f 868 869 881 880
f 869 870 882 881
f 870 871 883 882
f 871 872 884 883
f 872 873 885 884
f 873 874 886 885
f 874 875 887 886
f 875 876 888 887
f 876 865 877 888
f 877 878 890 889
f 878 879 891 890
f 879 880 892 891
f 880 881 893 892
f 881 882 894 893
f 882 883 895 894
f 883 884 896 895
f 884 885 897 896
f 885 886 898 897
f 886 887 899 898
f 887 888 900 899
f 888 877 889 900
f 889 890 902 901
f 890 891 903 902
f 891 892 904 903
f 892 893 905 904
f 893 894 906 905
f 894 895 907 906
f 895 896 908 907
f 896 897 909 908
f 897 898 910 909
f 898 899 911 910
f 899 900 912 911
f 900 889 901 912
f 901 902 914 913
f 902 903 915 914
f 903 904 916 915
f 904 905 917 916
f 905 906 918 917
f 906 907 919 918
f 907 908 920 919
f 908 909 921 920
f 909 910 922 921
f 910 911 923 922
f 911 912 924 923
f 912 901 913 924
f 913 914 926 925
f 914 915 927 926
f 915 916 928 927
f 916 917 929 928
f 917 918 930 929
f 918 919 931 930
f 919 920 932 931
f 920 921 933 932
f 921 922 934 933
f 922 923 935 934
f 923 924 936 935
f 924 913 925 936
f 937 938 950 949
f 938 939 951 950
f 939 940 952 951
f 940 941 953 952
f 941 942 954 953
f 942 943 955 954
f 943 944 956 955
f 944 945 957 956
f 945 946 958 957
f 946 947 959 958
f 947 948 960 959
f 948 937 949 960
f 949 950 962 961
f 950 951 963 962
f 951 952 964 963
f 952 953 965 964
f 953 954 966 965
f 954 955 967 966
f 955 956 968 967
f 956 957 969 968
f 957 958 970 969
f 958 959 971 970
f 959 960 972 971
f 960 949 961 972
f 961 962 974 973
f 962 963 975 974
f 963 964 976 975
f 964 965 977 976
f 965 966 978 977
f 966 967 979 978
f 967 968 980 979
f 968 969 981 980
f 969 970 982 981
f 970 971 983 982
f 971 972 984 983
f 972 961 973 984
f 973 974 986 985
f 974 975 987 986
f 975 976 988 987
f 976 977 989 988
f 977 978 990 989
f 978 979 991 990
f 979 980 992 991
f 980 981 993 992
f 981 982 994 993
f 982 983 995 994
f 983 984 996 995
f 984 973 985 996
f 985 986 998 997
f 986 987 999 998
f 987 988 1000 999
f 988 989 1001 1000
f 989 990 1002 1001
f 990 991 1003 1002
f 991 992 1004 1003
f 992 993 1005 1004
f 993 994 1006 1005
f 994 995 1007 1006
f 995 996 1008 1007
f 996 985 997 1008
f 997 998 1010 1009
f 998 999 1011 1010
f 999 1000 1012 1011
f 1000 1001 1013 1012
f 1001 1002 1014 1013
f 1002 1003 1015 1014
f 1003 1004 1016 1015
f 1004 1005 1017 1016
f 1005 1006 1018 1017
f 1006 1007 1019 1018
f 1007 1008 1020 1019
f 1008 997 1009 1020
f 1009 1010 1022 1021
f 1010 1011 1023 1022
f 1011 1012 1024 1023
f 1012 1013 1025 1024
f 1013 1014 1026 1025
f 1014 1015 1027 1026
f 1015 1016 1028 1027
f 1016 1017 1029 1028
f 1017 1018 1030 1029
f 1018 1019 1031 1030
f 1019 1020 1032 1031
f 1020 1009 1021 1032
f 1021 1022 1034 1033
f 1022 1023 1035 1034
f 1023 1024 1036 1035
f 1024 1025 1037 1036
f 1025 1026 1038 1037
f 1026 1027 1039 1038
f 1027 1028 1040 1039
f 1028 1029 1041 1040
f 1029 1030 1042 1041
f 1030 1031 1043 1042
f 1031 1032 1044 1043
f 1032 1021 1033 1044
f 1033 1034 1046 1045
f 1034 1035 1047 1046
f 1035 1036 1048 1047
f 1036 1037 1049 1048
f 1037 1038 1050 1049
f 1038 1039 1051 1050
f 1039 1040 1052 1051
f 1040 1041 1053 1052
f 1041 1042 1054 1053
f 1042 1043 1055 1054
f 1043 1044 1056 1055
f 1044 1033 1045 1056
f 1045 1046 1058 1057
f 1046 1047 1059 1058
f 1047 1048 1060 1059
f 1048 1049 1061 1060
f 1049 1050 1062 1061
f 1050 1051 1063 1062
f 1051 1052 1064 1063
f 1052 1053 1065 1064
f 1053 1054 1066 1065
f 1054 1055 1067 1066
f 1055 1056 1068 1067
f 1056 1045 1057 1068
f 1057 1058 1070 1069
f 1058 1059 1071 1070
f 1059 1060 1072 1071
f 1060 1061 1073 1072
f 1061 1062 1074 1073
f 1062 1063 1075 1074
f 1063 1064 1076 1075
f 1064 1065 1077 1076
f 1065 1066 1078 1077
f 1066 1067 1079 1078
f 1067 1068 1080 1079
f 1068 1057 1069 1080
f 1069 1070 1082 1081
f 1070 1071 1083 1082
f 1071 1072 1084 1083
f 1072 1073 1085 1084
f 1073 1074 1086 1085
f 1074 1075 1087 1086
f 1075 1076 1088 1087
f 1076 1077 1089 1088
f 1077 1078 1090 1089
f 1078 1079 1091 1090
f 1079 1080 1092 1091
f 1080 1069 1081 1092
f 1093 1094 1106 1105
f 1094 1095 1107 1106
f 1095 1096 1108 1107
f 1096 1097 1109 1108
f 1097 1098 1110 1109
f 1098 1099 1111 1110
f 1099 1100 1112 1111
f 1100 1101 1113 1112
f 1101 1102 1114 1113
f 1102 1103 1115 1114
f 1103 1104 1116 1115
f 1104 1093 1105 1116
f 1105 1106 1118 1117
f 1106 1107 1119 1118
f 1107 1108 1120 1119
f 1108 1109 1121 1120
f 1109 1110 1122 1121
f 1110 1111 1123 1122
f 1111 1112 1124 1123
f 1112 1113 1125 1124
f 1113 1114 1126 1125
f 1114 1115 1127 1126
f 1115 1116 1128 1127
f 1116 1105 1117 1128
f 1117 1118 1130 1129
f 1118 1119 1131 1130
f 1119 1120 1132 1131
f 1120 1121 1133 1132
f 1121 1122 1134 1133
f 1122 1123 1135 1134
f 1123 1124 1136 1135
f 1124 1125 1137 1136
f 1125 1126 1138 1137
f 1126 1127 1139 1138
f 1127 1128 1140 1139
f 1128 1117 1129 1140
f 1129 1130 1142 1141
f 1130 1131 1143 1142
f 1131 1132 1144 1143
f 1132 1133 1145 1144
f 1133 1134 1146 1145
f 1134 1135 1147 1146
f 1135 1136 1148 1147
f 1136 1137 1149 1148
f 1137 1138 1150 1149
f 1138 1139 1151 1150
f 1139 1140 1152 1151
f 1140 1129 1141 1152
f 1141 1142 1154 1153
f 1142 1143 1155 1154
f 1143 1144 1156 1155
f 1144 1145 1157 1156
f 1145 1146 1158 1157
f 1146 1147 1159 1158
f 1147 1148 1160 1159
f 1148 1149 1161 1160
f 1149 1150 1162 1161
f 1150 1151 1163 1162
f 1151 1152 1164 1163
f 1152 1141 1153 1164
f 1153 1154 1166 1165
f 1154 1155 1167 1166
f 1155 1156 1168 1167
f 1156 1157 1169 1168
f 1157 1158 1170 1169
f 1158 1159 1171 1170
f 1159 1160 1172 1171
f 1160 1161 1173 1172
f 1161 1162 1174 1173
f 1162 1163 1175 1174
f 1163 1164 1176 1175
f 1164 1153 1165 1176
f 1165 1166 1178 1177
f 1166 1167 1179 1178
f 1167 1168 1180 1179
f 1168 1169 1181 1180
f 1169 1170 1182 1181
f 1170 1171 1183 1182
f 1171 1172 1184 1183
f 1172 1173 1185 1184
f 1173 1174 1186 1185
f 1174 1175 1187 1186
f 1175 1176 1188 1187
f 1176 1165 1177 1188
f 1177 1178 1190 1189
f 1178 1179 1191 1190
f 1179 1180 1192 1191
f 1180 1181 1193 1192
f 1181 1182 1194 1193
f 1182 1183 1195 1194
f 1183 1184 1196 1195
f 1184 1185 1197 1196
f 1185 1186 1198 1197
f 1186 1187 1199 1198
f 1187 1188 1200 1199
f 1188 1177 1189 1200
f 1189 1190 1202 1201
f 1190 1191 1203 1202
f 1191 1192 1204 1203
f 1192 1193 1205 1204
f 1193 1194 1206 1205
f 1194 1195 1207 1206
f 1195 1196 1208 1207
f 1196 1197 1209 1208
f 1197 1198 1210 1209
f 1198 1199 1211 1210
f 1199 1200 1212 1211
f 1200 1189 1201 1212
f 1201 1202 1214 1213
f 1202 1203 1215 1214
f 1203 1204 1216 1215
f 1204 1205 1217 1216
f 1205 1206 1218 1217
f 1206 1207 1219 1218
f 1207 1208 1220 1219
f 1208 1209 1221 1220
f 1209 1210 1222 1221
f 1210 1211 1223 1222
f 1211 1212 1224 1223
f 1212 1201 1213 1224
f 1213 1214 1226 1225
f 1214 1215 1227 1226
f 1215 1216 1228 1227
f 1216 1217 1229 1228
f 1217 1218 1230 1229
f 1218 1219 1231 1230
f 1219 1220 1232 1231
f 1220 1221 1233 1232
f 1221 1222 1234 1233
f 1222 1223 1235 1234
f 1223 1224 1236 1235
f 1224 1213 1225 1236
f 1225 1226 1238 1237
f 1226 1227 1239 1238
f 1227 1228 1240 1239
f 1228 1229 1241 1240
f 1229 1230 1242 1241
f 1230 1231 1243 1242
f 1231 1232 1244 1243
f 1232 1233 1245 1244
f 1233 1234 1246 1245
f 1234 1235 1247 1246
f 1235 1236 1248 1247
f 1236 1225 1237 1248
f 1249 1250 1262 1261
f 1250 1251 1263 1262
f 1251 1252 1264 1263
f 1252 1253 1265 1264
f 1253 1254 1266 1265
f 1254 1255 1267 1266
f 1255 1256 1268 1267
f 1256 1257 1269 1268
f 1257 1258 1270 1269
f 1258 1259 1271 1270
f 1259 1260 1272 1271
f 1260 1249 1261 1272
f 1261 1262 1274 1273
f 1262 1263 1275 1274
f 1263 1264 1276 1275
f 1264 1265 1277 1276
f 1265 1266 1278 1277
f 1266 1267 1279 1278
f 1267 1268 1280 1279
f 1268 1269 1281 1280
f 1269 1270 1282 1281
f 1270 1271 1283 1282
f 1271 1272 1284 1283
f 1272 1261 1273 1284
f 1273 1274 1286 1285
f 1274 1275 1287 1286
f 1275 1276 1288 1287
f 1276 1277 1289 1288
f 1277 1278 1290 1289
f 1278 1279 1291 1290
f 1279 1280 1292 1291
f 1280 1281 1293 1292
f 1281 1282 1294 1293
f 1282 1283 1295 1294
f 1283 1284 1296 1295
f 1284 1273 1285 1296
f 1285 1286 1298 1297
f 1286 1287 1299 1298
f 1287 1288 1300 1299
f 1288 1289 1301 1300
f 1289 1290 1302 1301
f 1290 1291 1303 1302
f 1291 1292 1304 1303
f 1292 1293 1305 1304
f 1293 1294 1306 1305
f 1294 1295 1307 1306
f 1295 1296 1308 1307
f 1296 1285 1297 1308
f 1297 1298 1310 1309
f 1298 1299 1311 1310
f 1299 1300 1312 1311
f 1300 1301 1313 1312
f 1301 1302 1314 1313
f 1302 1303 1315 1314
f 1303 1304 1316 1315
f 1304 1305 1317 1316
f 1305 1306 1318 1317
f 1306 1307 1319 1318
f 1307 1308 1320 1319
f 1308 1297 1309 1320
f 1309 1310 1322 1321
f 1310 1311 1323 1322
f 1311 1312 1324 1323
f 1312 1313 1325 1324
f 1313 1314 1326 1325
f 1314 1315 1327 1326
f 1315 1316 1328 1327
f 1316 1317 1329 1328
f 1317 1318 1330 1329
f 1318 1319 1331 1330
f 1319 1320 1332 1331
f 1320 1309 1321 1332
f 1321 1322 1334 1333
f 1322 1323 1335 1334
f 1323 1324 1336 1335
f 1324 1325 1337 1336
f 1325 1326 1338 1337
f 1326 1327 1339 1338
f 1327 1328 1340 1339
f 1328 1329 1341 1340
f 1329 1330 1342 1341
f 1330 1331 1343 1342
f 1331 1332 1344 1343
f 1332 1321 1333 1344
f 1333 1334 1346 1345
f 1334 1335 1347 1346
f 1335 1336 1348 1347
f 1336 1337 1349 1348
f 1337 1338 1350 1349
f 1338 1339 1351 1350
f 1339 1340 1352 1351
f 1340 1341 1353 1352
f 1341 1342 1354 1353
f 1342 1343 1355 1354
f 1343 1344 1356 1355
f 1344 1333 1345 1356
f 1345 1346 1358 1357
f 1346 1347 1359 1358
f 1347 1348 1360 1359
f 1348 1349 1361 1360
f 1349 1350 1362 1361
f 1350 1351 1363 1362
f 1351 1352 1364 1363
f 1352 1353 1365 1364
f 1353 1354 1366 1365
f 1354 1355 1367 1366
f 1355 1356 1368 1367
f 1356 1345 1357 1368
f 1357 1358 1370 1369
f 1358 1359 1371 1370
f 1359 1360 1372 1371
f 1360 1361 1373 1372
f 1361 1362 1374 1373
f 1362 1363 1375 1374
f 1363 1364 1376 1375
f 1364 1365 1377 1376
f 1365 1366 1378 1377
f 1366 1367 1379 1378
f 1367 1368 1380 1379
f 1368 1357 1369 1380
f 1369 1370 1382 1381
f 1370 1371 1383 1382
f 1371 1372 1384 1383
f 1372 1373 1385 1384
f 1373 1374 1386 1385
f 1374 1375 1387 1386
f 1375 1376 1388 1387
f 1376 1377 1389 1388
f 1377 1378 1390 1389
f 1378 1379 1391 1390
f 1379 1380 1392 1391
f 1380 1369 1381 1392
f 1381 1382 1394 1393
f 1382 1383 1395 1394
f 1383 1384 1396 1395
f 1384 1385 1397 1396
f 1385 1386 1398 1397
f 1386 1387 1399 1398
f 1387 1388 1400 1399
f 1388 1389 1401 1400
f 1389 1390 1402 1401
f 1390 1391 1403 1402
f 1391 1392 1404 1403
f 1392 1381 1393 1404
f 1405 1406 1418 1417
f 1406 1407 1419 1418
f 1407 1408 1420 1419
f 1408 1409 1421 1420
f 1409 1410 1422 1421
f 1410 1411 1423 1422
f 1411 1412 1424 1423
f 1412 1413 1425 1424
f 1413 1414 1426 1425
f 1414 1415 1427 1426
f 1415 1416 1428 1427
f 1416 1405 1417 1428
f 1417 1418 1430 1429
f 1418 1419 1431 1430
f 1419 1420 1432 1431
f 1420 1421 1433 1432
f 1421 1422 1434 1433
f 1422 1423 1435 1434
f 1423 1424 1436 1435
f 1424 1425 1437 1436
f 1425 1426 1438 1437
f 1426 1427 1439 1438
f 1427 1428 1440 1439
f 1428 1417 1429 1440
f 1429 1430 1442 1441
f 1430 1431 1443 1442
f 1431 1432 1444 1443
f 1432 1433 1445 1444
f 1433 1434 1446 1445
f 1434 1435 1447 1446
f 1435 1436 1448 1447
f 1436 1437 1449 1448
f 1437 1438 1450 1449
f 1438 1439 1451 1450
f 1439 1440 1452 1451
f 1440 1429 1441 1452
f 1441 1442 1454 1453
f 1442 1443 1455 1454
f 1443 1444 1456 1455
f 1444 1445 1457 1456
f 1445 1446 1458 1457
f 1446 1447 1459 1458
f 1447 1448 1460 1459
f 1448 1449 1461 1460
f 1449 1450 1462 1461
f 1450 1451 1463 1462
f 1451 1452 1464 1463
f 1452 1441 1453 1464
f 1453 1454 1466 1465
f 1454 1455 1467 1466
f 1455 1456 1468 1467
f 1456 1457 1469 1468
f 1457 1458 1470 1469
f 1458 1459 1471 1470
f 1459 1460 1472 1471
f 1460 1461 1473 1472
f 1461 1462 1474 1473
f 1462 1463 1475 1474
f 1463 1464 1476 1475
f 1464 1453 1465 1476
f 1465 1466 1478 1477
f 1466 1467 1479 1478
f 1467 1468 1480 1479
f 1468 1469 1481 1480
f 1469 1470 1482 1481
f 1470 1471 1483 1482
f 1471 1472 1484 1483
f 1472 1473 1485 1484
f 1473 1474 1486 1485
f 1474 1475 1487 1486
f 1475 1476 1488 1487
f 1476 1465 1477 1488
f 1477 1478 1490 1489
f 1478 1479 1491 1490
f 1479 1480 1492 1491
f 1480 1481 1493 1492
f 1481 1482 1494 1493
f 1482 1483 1495 1494
f 1483 1484 1496 1495
f 1484 1485 1497 1496
f 1485 1486 1498 1497
f 1486 1487 1499 1498
f 1487 1488 1500 1499
f 1488 1477 1489 1500
f 1489 1490 1502 1501
f 1490 1491 1503 1502
f 1491 1492 1504 1503
f 1492 1493 1505 1504
f 1493 1494 1506 1505
f 1494 1495 1507 1506
f 1495 1496 1508 1507
f 1496 1497 1509 1508
f 1497 1498 1510 1509
f 1498 1499 1511 1510
f 1499 1500 1512 1511
f 1500 1489 1501 1512
f 1501 1502 1514 1513
f 1502 1503 1515 1514
f 1503 1504 1516 1515
f 1504 1505 1517 1516
f 1505 1506 1518 1517
f 1506 1507 1519 1518
f 1507 1508 1520 1519
f 1508 1509 1521 1520
f 1509 1510 1522 1521
f 1510 1511 1523 1522
f 1511 1512 1524 1523
f 1512 1501 1513 1524
f 1513 1514 1526 1525
f 1514 1515 1527 1526
f 1515 1516 1528 1527
f 1516 1517 1529 1528
f 1517 1518 1530 1529
f 1518 1519 1531 1530
f 1519 1520 1532 1531
f 1520 1521 1533 1532
f 1521 1522 1534 1533
f 1522 1523 1535 1534
f 1523 1524 1536 1535
f 1524 1513 1525 1536
f 1525 1526 1538 1537
f 1526 1527 1539 1538
f 1527 1528 1540 1539
f 1528 1529 1541 1540
f 1529 1530 1542 1541
f 1530 1531 1543 1542
f 1531 1532 1544 1543
f 1532 1533 1545 1544
f 1533 1534 1546 1545
f 1534 1535 1547 1546
f 1535 1536 1548 1547
f 1536 1525 1537 1548
f 1537 1538 1550 1549
f 1538 1539 1551 1550
f 1539 1540 1552 1551
f 1540 1541 1553 1552
f 1541 1542 1554 1553
f 1542 1543 1555 1554
f 1543 1544 1556 1555
f 1544 1545 1557 1556
f 1545 1546 1558 1557
f 1546 1547 1559 1558
f 1547 1548 1560 1559
f 1548 1537 1549 1560
f 1561 1562 1574 1573
f 1562 1563 1575 1574
f 1563 1564 1576 1575
f 1564 1565 1577 1576
f 1565 1566 1578 1577
f 1566 1567 1579 1578
f 1567 1568 1580 1579
f 1568 1569 1581 1580
f 1569 1570 1582 1581
f 1570 1571 1583 1582
f 1571 1572 1584 1583
f 1572 1561 1573 1584
f 1573 1574 1586 1585
f 1574 1575 1587 1586
f 1575 1576 1588 1587
f 1576 1577 1589 1588
f 1577 1578 1590 1589
f 1578 1579 1591 1590
f 1579 1580 1592 1591
f 1580 1581 1593 1592
f 1581 1582 1594 1593
f 1582 1583 1595 1594
f 1583 1584 1596 1595
f 1584 1573 1585 1596
f 1585 1586 1598 1597
f 1586 1587 1599 1598
f 1587 1588 1600 1599
f 1588 1589 1601 1600
f 1589 1590 1602 1601
f 1590 1591 1603 1602
f 1591 1592 1604 1603
f 1592 1593 1605 1604
f 1593 1594 1606 1605
f 1594 1595 1607 1606
f 1595 1596 1608 1607
f 1596 1585 1597 1608
f 1597 1598 1610 1609
f 1598 1599 1611 1610
f 1599 1600 1612 1611
f 1600 1601 1613 1612
f 1601 1602 1614 1613
f 1602 1603 1615 1614
f 1603 1604 1616 1615
f 1604 1605 1617 1616
f 1605 1606 1618 1617
f 1606 1607 1619 1618
f 1607 1608 1620 1619
f 1608 1597 1609 1620
f 1609 1610 1622 1621
f 1610 1611 1623 1622
f 1611 1612 1624 1623
f 1612 1613 1625 1624
f 1613 1614 1626 1625
f 1614 1615 1627 1626
f 1615 1616 1628 1627
f 1616 1617 1629 1628
f 1617 1618 1630 1629
f 1618 1619 1631 1630
f 1619 1620 1632 1631
f 1620 1609 1621 1632
f 1621 1622 1634 1633
f 1622 1623 1635 1634
f 1623 1624 1636 1635
f 1624 1625 1637 1636
f 1625 1626 1638 1637
f 1626 1627 1639 1638
f 1627 1628 1640 1639
f 1628 1629 1641 1640
f 1629 1630 1642 1641
f 1630 1631 1643 1642
f 1631 1632 1644 1643
f 1632 1621 1633 1644
f 1633 1634 1646 1645
f 1634 1635 1647 1646
f 1635 1636 1648 1647
f 1636 1637 1649 1648
f 1637 1638 1650 1649
f 1638 1639 1651 1650
f 1639 1640 1652 1651
f 1640 1641 1653 1652
f 1641 1642 1654 1653
f 1642 1643 1655 1654
f 1643 1644 1656 1655
f 1644 1633 1645 1656
f 1645 1646 1658 1657
f 1646 1647 1659 1658
f 1647 1648 1660 1659
f 1648 1649 1661 1660
f 1649 1650 1662 1661
f 1650 1651 1663 1662
f 1651 1652 1664 1663
f 1652 1653 1665 1664
f 1653 1654 1666 1665
f 1654 1655 1667 1666
f 1655 1656 1668 1667
f 1656 1645 1657 1668
f 1657 1658 1670 1669
f 1658 1659 1671 1670
f 1659 1660 1672 1671
f 1660 1661 1673 1672
f 1661 1662 1674 1673
f 1662 1663 1675 1674
f 1663 1664 1676 1675
f 1664 1665 1677 1676
f 1665 1666 1678 1677
f 1666 1667 1679 1678
f 1667 1668 1680 1679
f 1668 1657 1669 1680
f 1669 1670 1682 1681
f 1670 1671 1683 1682
f 1671 1672 1684 1683
f 1672 1673 1685 1684
f 1673 1674 1686 1685
f 1674 1675 1687 1686
f 1675 1676 1688 1687
f 1676 1677 1689 1688
f 1677 1678 1690 1689
f 1678 1679 1691 1690
f 1679 1680 1692 1691
f 1680 1669 1681 1692
f 1681 1682 1694 1693
f 1682 1683 1695 1694
f 1683 1684 1696 1695
f 1684 1685 1697 1696
f 1685 1686 1698 1697
f 1686 1687 1699 1698
f 1687 1688 1700 1699
f 1688 1689 1701 1700
f 1689 1690 1702 1701
f 1690 1691 1703 1702
f 1691 1692 1704 1703
f 1692 1681 1693 1704
f 1693 1694 1706 1705
f 1694 1695 1707 1706
f 1695 1696 1708 1707
f 1696 1697 1709 1708
f 1697 1698 1710 1709
f 1698 1699 1711 1710
f 1699 1700 1712 1711
f 1700 1701 1713 1712
f 1701 1702 1714 1713
f 1702 1703 1715 1714
f 1703 1704 1716 1715
f 1704 1693 1705 1716
f 1717 1718 1730 1729
f 1718 1719 1731 1730
f 1719 1720 1732 1731
f 1720 1721 1733 1732
f 1721 1722 1734 1733
f 1722 1723 1735 1734
f 1723 1724 1736 1735
f 1724 1725 1737 1736
f 1725 1726 1738 1737
f 1726 1727 1739 1738
f 1727 1728 1740 1739
f 1728 1717 1729 1740
f 1729 1730 1742 1741
f 1730 1731 1743 1742
f 1731 1732 1744 1743
f 1732 1733 1745 1744
f 1733 1734 1746 1745
f 1734 1735 1747 1746
f 1735 1736 1748 1747
f 1736 1737 1749 1748
f 1737 1738 1750 1749
f 1738 1739 1751 1750
f 1739 1740 1752 1751
f 1740 1729 1741 1752
f 1741 1742 1754 1753
f 1742 1743 1755 1754
f 1743 1744 1756 1755
f 1744 1745 1757 1756
f 1745 1746 1758 1757
f 1746 1747 1759 1758
f 1747 1748 1760 1759
f 1748 1749 1761 1760
f 1749 1750 1762 1761
f 1750 1751 1763 1762
f 1751 1752 1764 1763
f 1752 1741 1753 1764
f 1753 1754 1766 1765
f 1754 1755 1767 1766
f 1755 1756 1768 1767
f 1756 1757 1769 1768
f 1757 1758 1770 1769
f 1758 1759 1771 1770
f 1759 1760 1772 1771
f 1760 1761 1773 1772
f 1761 1762 1774 1773
f 1762 1763 1775 1774
f 1763 1764 1776 1775
f 1764 1753 1765 1776
f 1765 1766 1778 1777
f 1766 1767 1779 1778
f 1767 1768 1780 1779
f 1768 1769 1781 1780
f 1769 1770 1782 1781
f 1770 1771 1783 1782
f 1771 1772 1784 1783
f 1772 1773 1785 1784
f 1773 1774 1786 1785
f 1774 1775 1787 1786
f 1775 1776 1788 1787
f 1776 1765 1777 1788
f 1777 1778 1790 1789
f 1778 1779 1791 1790
f 1779 1780 1792 1791
f 1780 1781 1793 1792
f 1781 1782 1794 1793
f 1782 1783 1795 1794
f 1783 1784 1796 1795
f 1784 1785 1797 1796
f 1785 1786 1798 1797
f 1786 1787 1799 1798
f 1787 1788 1800 1799
f 1788 1777 1789 1800
f 1789 1790 1802 1801
f 1790 1791 1803 1802
f 1791 1792 1804 1803
f 1792 1793 1805 1804
f 1793 1794 1806 1805
f 1794 1795 1807 1806
f 1795 1796 1808 1807
f 1796 1797 1809 1808
f 1797 1798 1810 1809
f 1798 1799 1811 1810
f 1799 1800 1812 1811
f 1800 1789 1801 1812
f 1801 1802 1814 1813
f 1802 1803 1815 1814
f 1803 1804 1816 1815
f 1804 1805 1817 1816
f 1805 1806 1818 1817
f 1806 1807 1819 1818
f 1807 1808 1820 1819
f 1808 1809 1821 1820
f 1809 1810 1822 1821
f 1810 1811 1823 1822
f 1811 1812 1824 1823
f 1812 1801 1813 1824
f 1813 1814 1826 1825
f 1814 1815 1827 1826
f 1815 1816 1828 1827
f 1816 1817 1829 1828
f 1817 1818 1830 1829
f 1818 1819 1831 1830
f 1819 1820 1832 1831
f 1820 1821 1833 1832
f 1821 1822 1834 1833
f 1822 1823 1835 1834
f 1823 1824 1836 1835
f 1824 1813 1825 1836
f 1825 1826 1838 1837
f 1826 1827 1839 1838
f 1827 1828 1840 1839
f 1828 1829 1841 1840
f 1829 1830 1842 1841
f 1830 1831 1843 1842
f 1831 1832 1844 1843
f 1832 1833 1845 1844
f 1833 1834 1846 1845
f 1834 1835 1847 1846
f 1835 1836 1848 1847
f 1836 1825 1837 1848
f 1837 1838 1850 1849
f 1838 1839 1851 1850
f 1839 1840 1852 1851
f 1840 1841 1853 1852
f 1841 1842 1854 1853
f 1842 1843 1855 1854
f 1843 1844 1856 1855
f 1844 1845 1857 1856
f 1845 1846 1858 1857
f 1846 1847 1859 1858
f 1847 1848 1860 1859
f 1848 1837 1849 1860
f 1849 1850 1862 1861
f 1850 1851 1863 1862
f 1851 1852 1864 1863
f 1852 1853 1865 1864
f 1853 1854 1866 1865
f 1854 1855 1867 1866
f 1855 1856 1868 1867
f 1856 1857 1869 1868
f 1857 1858 1870 1869
f 1858 1859 1871 1870
f 1859 1860 1872 1871
f 1860 1849 1861 1872
f 1873 1874 1886 1885
f 1874 1875 1887 1886
f 1875 1876 1888 1887
f 1876 1877 1889 1888
f 1877 1878 1890 1889
f 1878 1879 1891 1890
f 1879 1880 1892 1891
f 1880 1881 1893 1892
f 1881 1882 1894 1893
f 1882 1883 1895 1894
f 1883 1884 1896 1895
f 1884 1873 1885 1896
f 1885 1886 1898 1897
f 1886 1887 1899 1898
f 1887 1888 1900 1899
f 1888 1889 1901 1900
f 1889 1890 1902 1901
f 1890 1891 1903 1902
f 1891 1892 1904 1903
f 1892 1893 1905 1904
f 1893 1894 1906 1905
f 1894 1895 1907 1906
f 1895 1896 1908 1907
f 1896 1885 1897 1908
f 1897 1898 1910 1909
f 1898 1899 1911 1910
f 1899 1900 1912 1911
f 1900 1901 1913 1912
f 1901 1902 1914 1913
f 1902 1903 1915 1914
f 1903 1904 1916 1915
f 1904 1905 1917 1916
f 1905 1906 1918 1917
f 1906 1907 1919 1918
f 1907 1908 1920 1919
f 1908 1897 1909 1920
f 1909 1910 1922 1921
f 1910 1911 1923 1922
f 1911 1912 1924 1923
f 1912 1913 1925 1924
f 1913 1914 1926 1925
f 1914 1915 1927 1926
f 1915 1916 1928 1927
f 1916 1917 1929 1928
f 1917 1918 1930 1929
f 1918 1919 1931 1930
f 1919 1920 1932 1931
f 1920 1909 1921 1932
f 1921 1922 1934 1933
f 1922 1923 1935 1934
f 1923 1924 1936 1935
f 1924 1925 1937 1936
f 1925 1926 1938 1937
f 1926 1927 1939 1938
f 1927 1928 1940 1939
f 1928 1929 1941 1940
f 1929 1930 1942 1941
f 1930 1931 1943 1942
f 1931 1932 1944 1943
f 1932 1921 1933 1944
f 1933 1934 1946 1945
f 1934 1935 1947 1946
f 1935 1936 1948 1947
f 1936 1937 1949 1948
f 1937 1938 1950 1949
f 1938 1939 1951 1950
f 1939 1940 1952 1951
f 1940 1941 1953 1952
f 1941 1942 1954 1953
f 1942 1943 1955 1954
f 1943 1944 1956 1955
f 1944 1933 1945 1956
f 1945 1946 1958 1957
f 1946 1947 1959 1958
f 1947 1948 1960 1959
f 1948 1949 1961 1960
f 1949 1950 1962 1961
f 1950 1951 1963 1962
f 1951 1952 1964 1963
f 1952 1953 1965 1964
f 1953 1954 1966 1965
f 1954 1955 1967 1966
f 1955 1956 1968 1967
f 1956 1945 1957 1968
f 1957 1958 1970 1969
f 1958 1959 1971 1970
f 1959 1960 1972 1971
f 1960 1961 1973 1972
f 1961 1962 1974 1973
f 1962 1963 1975 1974
f 1963 1964 1976 1975
f 1964 1965 1977 1976
f 1965 1966 1978 1977
f 1966 1967 1979 1978
f 1967 1968 1980 1979
f 1968 1957 1969 1980
f 1969 1970 1982 1981
f 1970 1971 1983 1982
f 1971 1972 1984 1983
f 1972 1973 1985 1984
f 1973 1974 1986 1985
f 1974 1975 1987 1986
f 1975 1976 1988 1987
f 1976 1977 1989 1988
f 1977 1978 1990 1989
f 1978 1979 1991 1990
f 1979 1980 1992 1991
f 1980 1969 1981 1992
f 1981 1982 1994 1993
f 1982 1983 1995 1994
f 1983 1984 1996 1995
f 1984 1985 1997 1996
f 1985 1986 1998 1997
f 1986 1987 1999 1998
f 1987 1988 2000 1999
f 1988 1989 2001 2000
f 1989 1990 2002 2001
f 1990 1991 2003 2002
f 1991 1992 2004 2003
f 1992 1981 1993 2004
f 1993 1994 2006 2005
f 1994 1995 2007 2006
f 1995 1996 2008 2007
f 1996 1997 2009 2008
f 1997 1998 2010 2009
f 1998 1999 2011 2010
f 1999 2000 2012 2011
f 2000 2001 2013 2012
f 2001 2002 2014 2013
f 2002 2003 2015 2014
f 2003 2004 2016 2015
f 2004 1993 2005 2016
f 2005 2006 2018 2017
f 2006 2007 2019 2018
f 2007 2008 2020 2019
f 2008 2009 2021 2020
f 2009 2010 2022 2021
f 2010 2011 2023 2022
f 2011 2012 2024 2023
f 2012 2013 2025 2024
f 2013 2014 2026 2025
f 2014 2015 2027 2026
f 2015 2016 2028 2027
f 2016 2005 2017 2028
f 2029 2030 2042 2041
f 2030 2031 2043 2042
f 2031 2032 2044 2043
f 2032 2033 2045 2044
f 2033 2034 2046 2045
f 2034 2035 2047 2046
f 2035 2036 2048 2047
f 2036 2037 2049 2048
f 2037 2038 2050 2049
f 2038 2039 2051 2050
f 2039 2040 2052 2051
f 2040 2029 2041 2052
f 2041 2042 2054 2053
f 2042 2043 2055 2054
f 2043 2044 2056 2055
f 2044 2045 2057 2056
f 2045 2046 2058 2057
f 2046 2047 2059 2058
f 2047 2048 2060 2059
f 2048 2049 2061 2060
f 2049 2050 2062 2061
f 2050 2051 2063 2062
f 2051 2052 2064 2063
f 2052 2041 2053 2064
f 2053 2054 2066 2065
f 2054 2055 2067 2066
f 2055 2056 2068 2067
f 2056 2057 2069 2068
f 2057 2058 2070 2069
f 2058 2059 2071 2070
f 2059 2060 2072 2071
f 2060 2061 2073 2072
f 2061 2062 2074 2073
f 2062 2063 2075 2074
f 2063 2064 2076 2075
f 2064 2053 2065 2076
f 2065 2066 2078 2077
f 2066 2067 2079 2078
f 2067 2068 2080 2079
f 2068 2069 2081 2080
f 2069 2070 2082 2081
f 2070 2071 2083 2082
f 2071 2072 2084 2083
f 2072 2073 2085 2084
f 2073 2074 2086 2085
f 2074 2075 2087 2086
f 2075 2076 2088 2087
f 2076 2065 2077 2088
f 2077 2078 2090 2089
f 2078 2079 2091 2090
f 2079 2080 2092 2091
f 2080 2081 2093 2092
f 2081 2082 2094 2093
f 2082 2083 2095 2094
f 2083 2084 2096 2095
f 2084 2085 2097 2096
f 2085 2086 2098 2097
f 2086 2087 2099 2098
f 2087 2088 2100 2099
f 2088 2077 2089 2100
f 2089 2090 2102 2101
f 2090 2091 2103 2102
f 2091 2092 2104 2103
f 2092 2093 2105 2104
f 2093 2094 2106 2105
f 2094 2095 2107 2106
f 2095 2096 2108 2107
f 2096 2097 2109 2108
f 2097 2098 2110 2109
f 2098 2099 2111 2110
f 2099 2100 2112 2111
f 2100 2089 2101 2112
f 2101 2102 2114 2113
f 2102 2103 2115 2114
f 2103 2104 2116 2115
f 2104 2105 2117 2116
f 2105 2106 2118 2117
f 2106 2107 2119 2118
f 2107 2108 2120 2119
f 2108 2109 2121 2120
f 2109 2110 2122 2121
f 2110 2111 2123 2122
f 2111 2112 2124 2123
f 2112 2101 2113 2124
f 2113 2114 2126 2125
f 2114 2115 2127 2126
f 2115 2116 2128 2127
f 2116 2117 2129 2128
f 2117 2118 2130 2129
f 2118 2119 2131 2130
f 2119 2120 2132 2131
f 2120 2121 2133 2132
f 2121 2122 2134 2133
f 2122 2123 2135 2134
f 2123 2124 2136 2135
f 2124 2113 2125 2136
f 2125 2126 2138 2137
f 2126 2127 2139 2138
f 2127 2128 2140 2139
f 2128 2129 2141 2140
f 2129 2130 2142 2141
f 2130 2131 2143 2142
f 2131 2132 2144 2143
f 2132 2133 2145 2144
f 2133 2134 2146 2145
f 2134 2135 2147 2146
f 2135 2136 2148 2147
f 2136 2125 2137 2148
f 2137 2138 2150 2149
f 2138 2139 2151 2150
f 2139 2140 2152 2151
f 2140 2141 2153 2152
f 2141 2142 2154 2153
f 2142 2143 2155 2154
f 2143 2144 2156 2155
f 2144 2145 2157 2156
f 2145 2146 2158 2157
f 2146 2147 2159 2158
f 2147 2148 2160 2159
f 2148 2137 2149 2160
f 2149 2150 2162 2161
f 2150 2151 2163 2162
f 2151 2152 2164 2163
f 2152 2153 2165 2164
f 2153 2154 2166 2165
f 2154 2155 2167 2166
f 2155 2156 2168 2167
f 2156 2157 2169 2168
f 2157 2158 2170 2169
f 2158 2159 2171 2170
f 2159 2160 2172 2171
f 2160 2149 2161 2172
f 2161 2162 2174 2173
f 2162 2163 2175 2174
f 2163 2164 2176 2175
f 2164 2165 2177 2176
f 2165 2166 2178 2177
f 2166 2167 2179 2178
f 2167 2168 2180 2179
f 2168 2169 2181 2180
f 2169 2170 2182 2181
f 2170 2171 2183 2182
f 2171 2172 2184 2183
f 2172 2161 2173 2184
usemtl White
f 2185 2186 2198 2197
f 2186 2187 2199 2198
f 2187 2188 2200 2199
f 2188 2189 2201 2200
f 2189 2190 2202 2201
f 2190 2191 2203 2202
f 2191 2192 2204 2203
f 2192 2193 2205 2204
f 2193 2194 2206 2205
f 2194 2195 2207 2206
f 2195 2196 2208 2207
f 2196 2185 2197 2208
f 2197 2198 2210 2209
f 2198 2199 2211 2210
f 2199 2200 2212 2211
f 2200 2201 2213 2212
f 2201 2202 2214 2213
f 2202 2203 2215 2214
f 2203 2204 2216 2215
f 2204 2205 2217 2216
f 2205 2206 2218 2217
f 2206 2207 2219 2218
f 2207 2208 2220 2219
f 2208 2197 2209 2220
f 2209 2210 2222 2221
f 2210 2211 2223 2222
f 2211 2212 2224 2223
f 2212 2213 2225 2224
f 2213 2214 2226 2225
f 2214 2215 2227 2226
f 2215 2216 2228 2227
f 2216 2217 2229 2228
f 2217 2218 2230 2229
f 2218 2219 2231 2230
f 2219 2220 2232 2231
f 2220 2209 2221 2232
f 2221 2222 2234 2233
f 2222 2223 2235 2234
f 2223 2224 2236 2235
f 2224 2225 2237 2236
f 2225 2226 2238 2237
f 2226 2227 2239 2238
f 2227 2228 2240 2239
f 2228 2229 2241 2240
f 2229 2230 2242 2241
f 2230 2231 2243 2242
f 2231 2232 2244 2243
f 2232 2221 2233 2244
f 2233 2234 2246 2245
f 2234 2235 2247 2246
f 2235 2236 2248 2247
f 2236 2237 2249 2248
f 2237 2238 2250 2249
f 2238 2239 2251 2250
f 2239 2240 2252 2251
f 2240 2241 2253 2252
f 2241 2242 2254 2253
f 2242 2243 2255 2254
f 2243 2244 2256 2255
f 2244 2233 2245 2256
f 2245 2246 2258 2257
f 2246 2247 2259 2258
f 2247 2248 2260 2259
f 2248 2249 2261 2260
f 2249 2250 2262 2261
f 2250 2251 2263 2262
f 2251 2252 2264 2263
f 2252 2253 2265 2264
f 2253 2254 2266 2265
f 2254 2255 2267 2266
f 2255 2256 2268 2267
f 2256 2245 2257 2268
f 2257 2258 2270 2269
f 2258 2259 2271 2270
f 2259 2260 2272 2271
f 2260 2261 2273 2272
f 2261 2262 2274 2273
f 2262 2263 2275 2274
f 2263 2264 2276 2275
f 2264 2265 2277 2276
f 2265 2266 2278 2277
f 2266 2267 2279 2278
f 2267 2268 2280 2279
f 2268 2257 2269 2280
f 2269 2270 2282 2281
f 2270 2271 2283 2282
f 2271 2272 2284 2283
f 2272 2273 2285 2284
f 2273 2274 2286 2285
f 2274 2275 2287 2286
f 2275 2276 2288 2287
f 2276 2277 2289 2288
f 2277 2278 2290 2289
f 2278 2279 2291 2290
f 2279 2280 2292 2291
f 2280 2269 2281 2292
f 2281 2282 2294 2293
f 2282 2283 2295 2294
f 2283 2284 2296 2295
f 2284 2285 2297 2296
f 2285 2286 2298 2297
f 2286 2287 2299 2298
f 2287 2288 2300 2299
f 2288 2289 2301 2300
f 2289 2290 2302 2301
f 2290 2291 2303 2302
f 2291 2292 2304 2303
f 2292 2281 2293 2304
f 2293 2294 2306 2305
f 2294 2295 2307 2306
f 2295 2296 2308 2307
f 2296 2297 2309 2308
f 2297 2298 2310 2309
f 2298 2299 2311 2310
f 2299 2300 2312 2311
f 2300 2301 2313 2312
f 2301 2302 2314 2313
f 2302 2303 2315 2314
f 2303 2304 2316 2315
f 2304 2293 2305 2316
f 2305 2306 2318 2317
f 2306 2307 2319 2318
f 2307 2308 2320 2319
f 2308 2309 2321 2320
f 2309 2310 2322 2321
f 2310 2311 2323 2322
f 2311 2312 2324 2323
f 2312 2313 2325 2324
f 2313 2314 2326 2325
f 2314 2315 2327 2326
f 2315 2316 2328 2327
f 2316 2305 2317 2328
f 2317 2318 2330 2329
f 2318 2319 2331 2330
f 2319 2320 2332 2331
f 2320 2321 2333 2332
f 2321 2322 2334 2333
f 2322 2323 2335 2334
f 2323 2324 2336 2335
f 2324 2325 2337 2336
f 2325 2326 2338 2337
f 2326 2327 2339 2338
f 2327 2328 2340 2339
f 2328 2317 2329 2340
usemtl Black
f 2341 2342 2354 2353
f 2342 2343 2355 2354
f 2343 2344 2356 2355
f 2344 2345 2357 2356
f 2345 2346 2358 2357
f 2346 2347 2359 2358
f 2347 2348 2360 2359
f 2348 2349 2361 2360
f 2349 2350 2362 2361
f 2350 2351 2363 2362
f 2351 2352 2364 2363
f 2352 2341 2353 2364
f 2353 2354 2366 2365
f 2354 2355 2367 2366
f 2355 2356 2368 2367
f 2356 2357 2369 2368
f 2357 2358 2370 2369
f 2358 2359 2371 2370
f 2359 2360 2372 2371
f 2360 2361 2373 2372
f 2361 2362 2374 2373
f 2362 2363 2375 2374
f 2363 2364 2376 2375
f 2364 2353 2365 2376
f 2365 2366 2378 2377
f 2366 2367 2379 2378
f 2367 2368 2380 2379
f 2368 2369 2381 2380
f 2369 2370 2382 2381
f 2370 2371 2383 2382
f 2371 2372 2384 2383
f 2372 2373 2385 2384
f 2373 2374 2386 2385
f 2374 2375 2387 2386
f 2375 2376 2388 2387
f 2376 2365 2377 2388
f 2377 2378 2390 2389
f 2378 2379 2391 2390
f 2379 2380 2392 2391
f 2380 2381 2393 2392
f 2381 2382 2394 2393
f 2382 2383 2395 2394
f 2383 2384 2396 2395
f 2384 2385 2397 2396
f 2385 2386 2398 2397
f 2386 2387 2399 2398
f 2387 2388 2400 2399
f 2388 2377 2389 2400
f 2389 2390 2402 2401
f 2390 2391 2403 2402
f 2391 2392 2404 2403
f 2392 2393 2405 2404
f 2393 2394 2406 2405
f 2394 2395 2407 2406
f 2395 2396 2408 2407
f 2396 2397 2409 2408
f 2397 2398 2410 2409
f 2398 2399 2411 2410
f 2399 2400 2412 2411
f 2400 2389 2401 2412
f 2401 2402 2414 2413
f 2402 2403 2415 2414
f 2403 2404 2416 2415
f 2404 2405 2417 2416
f 2405 2406 2418 2417
f 2406 2407 2419 2418
f 2407 2408 2420 2419
f 2408 2409 2421 2420
f 2409 2410 2422 2421
f 2410 2411 2423 2422
f 2411 2412 2424 2423
f 2412 2401 2413 2424
f 2413 2414 2426 2425
f 2414 2415 2427 2426
f 2415 2416 2428 2427
f 2416 2417 2429 2428
f 2417 2418 2430 2429
f 2418 2419 2431 2430
f 2419 2420 2432 2431
f 2420 2421 2433 2432
f 2421 2422 2434 2433
f 2422 2423 2435 2434
f 2423 2424 2436 2435
f 2424 2413 2425 2436
f 2425 2426 2438 2437
f 2426 2427 2439 2438
f 2427 2428 2440 2439
f 2428 2429 2441 2440
f 2429 2430 2442 2441
f 2430 2431 2443 2442
f 2431 2432 2444 2443
f 2432 2433 2445 2444
f 2433 2434 2446 2445
f 2434 2435 2447 2446
f 2435 2436 2448 2447
f 2436 2425 2437 2448
f 2437 2438 2450 2449
f 2438 2439 2451 2450
f 2439 2440 2452 2451
f 2440 2441 2453 2452
f 2441 2442 2454 2453
f 2442 2443 2455 2454
f 2443 2444 2456 2455
f 2444 2445 2457 2456
f 2445 2446 2458 2457
f 2446 2447 2459 2458
f 2447 2448 2460 2459
f 2448 2437 2449 2460
f 2449 2450 2462 2461
f 2450 2451 2463 2462
f 2451 2452 2464 2463
f 2452 2453 2465 2464
f 2453 2454 2466 2465
f 2454 2455 2467 2466
f 2455 2456 2468 2467
f 2456 2457 2469 2468
f 2457 2458 2470 2469
f 2458 2459 2471 2470
f 2459 2460 2472 2471
f 2460 2449 2461 2472
f 2461 2462 2474 2473
f 2462 2463 2475 2474
f 2463 2464 2476 2475
f 2464 2465 2477 2476
f 2465 2466 2478 2477
f 2466 2467 2479 2478
f 2467 2468 2480 2479
f 2468 2469 2481 2480
f 2469 2470 2482 2481
f 2470 2471 2483 2482
f 2471 2472 2484 2483
f 2472 2461 2473 2484
f 2473 2474 2486 2485
f 2474 2475 2487 2486
f 2475 2476 2488 2487
f 2476 2477 2489 2488
f 2477 2478 2490 2489
f 2478 2479 2491 2490
f 2479 2480 2492 2491
f 2480 2481 2493 2492
f 2481 2482 2494 2493
f 2482 2483 2495 2494
f 2483 2484 2496 2495
f 2484 2473 2485 2496
usemtl Gray
f 2497 2498 2499 2500
f 2501 2504 2503 2502
f 2497 2501 2502 2498
f 2498 2502 2503 2499
f 2499 2503 2504 2500
f 2500 2504 2501 2497
usemtl DarkGray
f 2505 2506 2507 2508
f 2509 2512 2511 2510
f 2505 2509 2510 2506
f 2506 2510 2511 2507
f 2507 2511 2512 2508
f 2508 2512 2509 2505
usemtl Pink
f 2513 2514 2526 2525
f 2514 2515 2527 2526
f 2515 2516 2528 2527
f 2516 2517 2529 2528
f 2517 2518 2530 2529
f 2518 2519 2531 2530
f 2519 2520 2532 2531
f 2520 2521 2533 2532
f 2521 2522 2534 2533
f 2522 2523 2535 2534
f 2523 2524 2536 2535
f 2524 2513 2525 2536
f 2525 2526 2538 2537
f 2526 2527 2539 2538
f 2527 2528 2540 2539
f 2528 2529 2541 2540
f 2529 2530 2542 2541
f 2530 2531 2543 2542
f 2531 2532 2544 2543
f 2532 2533 2545 2544
f 2533 2534 2546 2545
f 2534 2535 2547 2546
f 2535 2536 2548 2547
f 2536 2525 2537 2548
f 2537 2538 2550 2549
f 2538 2539 2551 2550
f 2539 2540 2552 2551
f 2540 2541 2553 2552
f 2541 2542 2554 2553
f 2542 2543 2555 2554
f 2543 2544 2556 2555
f 2544 2545 2557 2556
f 2545 2546 2558 2557
f 2546 2547 2559 2558
f 2547 2548 2560 2559
f 2548 2537 2549 2560
f 2549 2550 2562 2561
f 2550 2551 2563 2562
f 2551 2552 2564 2563
f 2552 2553 2565 2564
f 2553 2554 2566 2565
f 2554 2555 2567 2566
f 2555 2556 2568 2567
f 2556 2557 2569 2568
f 2557 2558 2570 2569
f 2558 2559 2571 2570
f 2559 2560 2572 2571
f 2560 2549 2561 2572
f 2561 2562 2574 2573
f 2562 2563 2575 2574
f 2563 2564 2576 2575
f 2564 2565 2577 2576
f 2565 2566 2578 2577
f 2566 2567 2579 2578
f 2567 2568 2580 2579
f 2568 2569 2581 2580
f 2569 2570 2582 2581
f 2570 2571 2583 2582
f 2571 2572 2584 2583
f 2572 2561 2573 2584
f 2573 2574 2586 2585
f 2574 2575 2587 2586
f 2575 2576 2588 2587
f 2576 2577 2589 2588
f 2577 2578 2590 2589
f 2578 2579 2591 2590
f 2579 2580 2592 2591
f 2580 2581 2593 2592
f 2581 2582 2594 2593
f 2582 2583 2595 2594
f 2583 2584 2596 2595
f 2584 2573 2585 2596
f 2585 2586 2598 2597
f 2586 2587 2599 2598
f 2587 2588 2600 2599
f 2588 2589 2601 2600
f 2589 2590 2602 2601
f 2590 2591 2603 2602
f 2591 2592 2604 2603
f 2592 2593 2605 2604
f 2593 2594 2606 2605
f 2594 2595 2607 2606
f 2595 2596 2608 2607
f 2596 2585 2597 2608
f 2597 2598 2610 2609
f 2598 2599 2611 2610
f 2599 2600 2612 2611
f 2600 2601 2613 2612
f 2601 2602 2614 2613
f 2602 2603 2615 2614
f 2603 2604 2616 2615
f 2604 2605 2617 2616
f 2605 2606 2618 2617
f 2606 2607 2619 2618
f 2607 2608 2620 2619
f 2608 2597 2609 2620
f 2609 2610 2622 2621
f 2610 2611 2623 2622
f 2611 2612 2624 2623
f 2612 2613 2625 2624
f 2613 2614 2626 2625
f 2614 2615 2627 2626
f 2615 2616 2628 2627
f 2616 2617 2629 2628
f 2617 2618 2630 2629
f 2618 2619 2631 2630
f 2619 2620 2632 2631
f 2620 2609 2621 2632
f 2621 2622 2634 2633
f 2622 2623 2635 2634
f 2623 2624 2636 2635
f 2624 2625 2637 2636
f 2625 2626 2638 2637
f 2626 2627 2639 2638
f 2627 2628 2640 2639
f 2628 2629 2641 2640
f 2629 2630 2642 2641
f 2630 2631 2643 2642
f 2631 2632 2644 2643
f 2632 2621 2633 2644
f 2633 2634 2646 2645
f 2634 2635 2647 2646
f 2635 2636 2648 2647
f 2636 2637 2649 2648
f 2637 2638 2650 2649
f 2638 2639 2651 2650
f 2639 2640 2652 2651
f 2640 2641 2653 2652
f 2641 2642 2654 2653
f 2642 2643 2655 2654
f 2643 2644 2656 2655
f 2644 2633 2645 2656
f 2645 2646 2658 2657
f 2646 2647 2659 2658
f 2647 2648 2660 2659
f 2648 2649 2661 2660
f 2649 2650 2662 2661
f 2650 2651 2663 2662
f 2651 2652 2664 2663
f 2652 2653 2665 2664
f 2653 2654 2666 2665
f 2654 2655 2667 2666
f 2655 2656 2668 2667
f 2656 2645 2657 2668
f 2669 2670 2682 2681
f 2670 2671 2683 2682
f 2671 2672 2684 2683
f 2672 2673 2685 2684
f 2673 2674 2686 2685
f 2674 2675 2687 2686
f 2675 2676 2688 2687
f 2676 2677 2689 2688
f 2677 2678 2690 2689
f 2678 2679 2691 2690
f 2679 2680 2692 2691
f 2680 2669 2681 2692
f 2681 2682 2694 2693
f 2682 2683 2695 2694
f 2683 2684 2696 2695
f 2684 2685 2697 2696
f 2685 2686 2698 2697
f 2686 2687 2699 2698
f 2687 2688 2700 2699
f 2688 2689 2701 2700
f 2689 2690 2702 2701
f 2690 2691 2703 2702
f 2691 2692 2704 2703
f 2692 2681 2693 2704
f 2693 2694 2706 2705
f 2694 2695 2707 2706
f 2695 2696 2708 2707
f 2696 2697 2709 2708
f 2697 2698 2710 2709
f 2698 2699 2711 2710
f 2699 2700 2712 2711
f 2700 2701 2713 2712
f 2701 2702 2714 2713
f 2702 2703 2715 2714
f 2703 2704 2716 2715
f 2704 2693 2705 2716
f 2705 2706 2718 2717
f 2706 2707 2719 2718
f 2707 2708 2720 2719
f 2708 2709 2721 2720
f 2709 2710 2722 2721
f 2710 2711 2723 2722
f 2711 2712 2724 2723
f 2712 2713 2725 2724
f 2713 2714 2726 2725
f 2714 2715 2727 2726
f 2715 2716 2728 2727
f 2716 2705 2717 2728
f 2717 2718 2730 2729
f 2718 2719 2731 2730
f 2719 2720 2732 2731
f 2720 2721 2733 2732
f 2721 2722 2734 2733
f 2722 2723 2735 2734
f 2723 2724 2736 2735
f 2724 2725 2737 2736
f 2725 2726 2738 2737
f 2726 2727 2739 2738
f 2727 2728 2740 2739
f 2728 2717 2729 2740
f 2729 2730 2742 2741
f 2730 2731 2743 2742
f 2731 2732 2744 2743
f 2732 2733 2745 2744
f 2733 2734 2746 2745
f 2734 2735 2747 2746
f 2735 2736 2748 2747
f 2736 2737 2749 2748
f 2737 2738 2750 2749
f 2738 2739 2751 2750
f 2739 2740 2752 2751
f 2740 2729 2741 2752
f 2741 2742 2754 2753
f 2742 2743 2755 2754
f 2743 2744 2756 2755
f 2744 2745 2757 2756
f 2745 2746 2758 2757
f 2746 2747 2759 2758
f 2747 2748 2760 2759
f 2748 2749 2761 2760
f 2749 2750 2762 2761
f 2750 2751 2763 2762
f 2751 2752 2764 2763
f 2752 2741 2753 2764
f 2753 2754 2766 2765
f 2754 2755 2767 2766
f 2755 2756 2768 2767
f 2756 2757 2769 2768
f 2757 2758 2770 2769
f 2758 2759 2771 2770
f 2759 2760 2772 2771
f 2760 2761 2773 2772
f 2761 2762 2774 2773
f 2762 2763 2775 2774
f 2763 2764 2776 2775
f 2764 2753 2765 2776
f 2765 2766 2778 2777
f 2766 2767 2779 2778
f 2767 2768 2780 2779
f 2768 2769 2781 2780
f 2769 2770 2782 2781
f 2770 2771 2783 2782
f 2771 2772 2784 2783
f 2772 2773 2785 2784
f 2773 2774 2786 2785
f 2774 2775 2787 2786
f 2775 2776 2788 2787
f 2776 2765 2777 2788
f 2777 2778 2790 2789
f 2778 2779 2791 2790
f 2779 2780 2792 2791
f 2780 2781 2793 2792
f 2781 2782 2794 2793
f 2782 2783 2795 2794
f 2783 2784 2796 2795
f 2784 2785 2797 2796
f 2785 2786 2798 2797
f 2786 2787 2799 2798
f 2787 2788 2800 2799
f 2788 2777 2789 2800
f 2789 2790 2802 2801
f 2790 2791 2803 2802
f 2791 2792 2804 2803
f 2792 2793 2805 2804
f 2793 2794 2806 2805
f 2794 2795 2807 2806
f 2795 2796 2808 2807
f 2796 2797 2809 2808
f 2797 2798 2810 2809
f 2798 2799 2811 2810
f 2799 2800 2812 2811
f 2800 2789 2801 2812
f 2801 2802 2814 2813
f 2802 2803 2815 2814
f 2803 2804 2816 2815
f 2804 2805 2817 2816
f 2805 2806 2818 2817
f 2806 2807 2819 2818
f 2807 2808 2820 2819
f 2808 2809 2821 2820
f 2809 2810 2822 2821
f 2810 2811 2823 2822
f 2811 2812 2824 2823
f 2812 2801 2813 2824
usemtl PinkFrame
f 2825 2826 2827 2828
f 2829 2832 2831 2830
f 2825 2829 2830 2826
f 2826 2830 2831 2827
f 2827 2831 2832 2828
f 2828 2832 2829 2825
f 2833 2834 2835 2836
f 2837 2840 2839 2838
f 2833 2837 2838 2834
f 2834 2838 2839 2835
f 2835 2839 2840 2836
f 2836 2840 2837 2833
f 2841 2842 2843 2844
f 2845 2848 2847 2846
f 2841 2845 2846 2842
f 2842 2846 2847 2843
f 2843 2847 2848 2844
f 2844 2848 2845 2841
f 2849 2850 2851 2852
f 2853 2856 2855 2854
f 2849 2853 2854 2850
f 2850 2854 2855 2851
f 2851 2855 2856 2852
f 2852 2856 2853 2849
f 2857 2858 2859 2860
f 2861 2864 2863 2862
f 2857 2861 2862 2858
f 2858 2862 2863 2859
f 2859 2863 2864 2860
f 2860 2864 2861 2857
f 2865 2866 2867 2868
f 2869 2872 2871 2870
f 2865 2869 2870 2866
f 2866 2870 2871 2867
f 2867 2871 2872 2868
f 2868 2872 2869 2865
f 2873 2874 2875 2876
f 2877 2880 2879 2878
f 2873 2877 2878 2874
f 2874 2878 2879 2875
f 2875 2879 2880 2876
f 2876 2880 2877 2873
f 2881 2882 2883 2884
f 2885 2888 2887 2886
f 2881 2885 2886 2882
f 2882 2886 2887 2883
f 2883 2887 2888 2884
f 2884 2888 2885 2881
f 2889 2890 2891 2892
f 2893 2896 2895 2894
f 2889 2893 2894 2890
f 2890 2894 2895 2891
f 2891 2895 2896 2892
f 2892 2896 2893 2889
f 2897 2898 2899 2900
f 2901 2904 2903 2902
f 2897 2901 2902 2898
f 2898 2902 2903 2899
f 2899 2903 2904 2900
f 2900 2904 2901 2897
f 2905 2906 2907 2908
f 2909 2912 2911 2910
f 2905 2909 2910 2906
f 2906 2910 2911 2907
f 2907 2911 2912 2908
f 2908 2912 2909 2905
f 2913 2914 2915 2916
f 2917 2920 2919 2918
f 2913 2917 2918 2914
f 2914 2918 2919 2915
f 2915 2919 2920 2916
f 2916 2920 2917 2913
f 2921 2922 2923 2924
f 2925 2928 2927 2926
f 2921 2925 2926 2922
f 2922 2926 2927 2923
f 2923 2927 2928 2924
f 2924 2928 2925 2921
f 2929 2930 2931 2932
f 2933 2936 2935 2934
f 2929 2933 2934 2930
f 2930 2934 2935 2931
f 2931 2935 2936 2932
f 2932 2936 2933 2929
f 2937 2938 2939 2940
f 2941 2944 2943 2942
f 2937 2941 2942 2938
f 2938 2942 2943 2939
f 2939 2943 2944 2940
f 2940 2944 2941 2937
f 2945 2946 2947 2948
f 2949 2952 2951 2950
f 2945 2949 2950 2946
f 2946 2950 2951 2947
f 2947 2951 2952 2948
f 2948 2952 2949 2945
f 2953 2954 2955 2956
f 2957 2960 2959 2958
f 2953 2957 2958 2954
f 2954 2958 2959 2955
f 2955 2959 2960 2956
f 2956 2960 2957 2953
f 2961 2962 2963 2964
f 2965 2968 2967 2966
f 2961 2965 2966 2962
f 2962 2966 2967 2963
f 2963 2967 2968 2964
f 2964 2968 2965 2961
f 2969 2970 2971 2972
f 2973 2976 2975 2974
f 2969 2973 2974 2970
f 2970 2974 2975 2971
f 2971 2975 2976 2972
f 2972 2976 2973 2969
f 2977 2978 2979 2980
f 2981 2984 2983 2982
f 2977 2981 2982 2978
f 2978 2982 2983 2979
f 2979 2983 2984 2980
f 2980 2984 2981 2977
f 2985 2986 2987 2988
f 2989 2992 2991 2990
f 2985 2989 2990 2986
f 2986 2990 2991 2987
f 2987 2991 2992 2988
f 2988 2992 2989 2985
f 2993 2994 2995 2996
f 2997 3000 2999 2998
f 2993 2997 2998 2994
f 2994 2998 2999 2995
f 2995 2999 3000 2996
f 2996 3000 2997 2993
f 3001 3002 3003 3004
f 3005 3008 3007 3006
f 3001 3005 3006 3002
f 3002 3006 3007 3003
f 3003 3007 3008 3004
f 3004 3008 3005 3001
f 3009 3010 3011 3012
f 3013 3016 3015 3014
f 3009 3013 3014 3010
f 3010 3014 3015 3011
f 3011 3015 3016 3012
f 3012 3016 3013 3009
f 3017 3018 3019 3020
f 3021 3024 3023 3022
f 3017 3021 3022 3018
f 3018 3022 3023 3019
f 3019 3023 3024 3020
f 3020 3024 3021 3017
f 3025 3026 3027 3028
f 3029 3032 3031 3030
f 3025 3029 3030 3026
f 3026 3030 3031 3027
f 3027 3031 3032 3028
f 3028 3032 3029 3025
f 3033 3034 3035 3036
f 3037 3040 3039 3038
f 3033 3037 3038 3034
f 3034 3038 3039 3035
f 3035 3039 3040 3036
f 3036 3040 3037 3033
f 3041 3042 3043 3044
f 3045 3048 3047 3046
f 3041 3045 3046 3042
f 3042 3046 3047 3043
f 3043 3047 3048 3044
f 3044 3048 3045 3041
f 3049 3050 3051 3052
f 3053 3056 3055 3054
f 3049 3053 3054 3050
f 3050 3054 3055 3051
f 3051 3055 3056 3052
f 3052 3056 3053 3049
f 3057 3058 3059 3060
f 3061 3064 3063 3062
f 3057 3061 3062 3058
f 3058 3062 3063 3059
f 3059 3063 3064 3060
f 3060 3064 3061 3057
